{
  "$schema": "https://schema.management.azure.com/schemas/2015-01-01/deploymentTemplate.json#",
  "contentVersion": "1.0.0.0",
  "parameters": {
    "vmName": {
      "type": "string",
      "metadata": {
        "description": "Name of the virtual machine"
      }
    },
    "adminUsername": {
      "type": "string",
      "metadata": {
        "description": "Admin user name for the virtual machine"
      }
    },
    "adminPassword": {
      "type": "securestring",
      "metadata": {
        "description": "Admin user password for virtual machine"
      }
    },
    "newStorageAccountName": {
      "type": "string",
      "metadata": {
        "description": "Storage account to store os vhd"
      }
    },
    "vmStorageContainerName": {
      "type": "string",
      "defaultValue": "vhds",
      "metadata": {
        "description": "Name of the storage account container to store os vhd"
      }
    },
    "vmSize": {
      "type": "string",
      "defaultValue": "Standard_D2",
      "metadata": {
        "description": "Size of VM"
      }
    },
    "virtualNetworkName": {
      "type": "string",
      "metadata": {
        "description": "Name of VNET to which the VM NIC belongs to"
      }
    },
    "subnetName": {
      "type": "string",
      "metadata": {
        "description": "Name of Subnet to which the VM NIC belongs to"
      }
    },
    "aadClientID": {
      "type": "string",
      "metadata": {
        "description": "Client ID of AAD app which has permissions to KeyVault"
      }
    },
    "aadClientSecret": {
      "type": "securestring",
      "metadata": {
        "description": "Client Secret of AAD app which has permissions to KeyVault"
      }
    },
    "keyVaultName": {
      "type": "string",
      "metadata": {
        "description": "Name of the KeyVault to place the volume encryption key"
      }
    },
    "useExistingKek": {
      "type": "string",
      "defaultValue": "nokek",
      "allowedValues": [
        "nokek",
        "kek"
      ],
      "metadata": {
        "description": "Select kek if the secret should be encrypted with a key encryption key and pass explicit keyEncryptionKeyURL. For nokek, you can keep keyEncryptionKeyURL empty."
      }
    },
    "keyEncryptionKeyURL": {
      "type": "string",
      "defaultValue": "",
      "metadata": {
        "description": "URL of the KeyEncryptionKey used to encrypt the volume encryption key"
      }
    }
  },
  "variables": {
    "imagePublisher": "MicrosoftWindowsServer",
    "imageOffer": "WindowsServer",
    "osSku": "2012-R2-Datacenter",
    "osDiskName": "[toLower(concat('osDisk',parameters('vmName')))]",
    "vnetID": "[resourceId('Microsoft.Network/virtualNetworks',parameters('virtualNetworkName'))]",
    "subnetRef": "[concat(variables('vnetID'),'/subnets/',parameters('subnetName'))]",
    "dnsNameForPublicIP": "[toLower(parameters('vmName'))]",
    "publicIPAddressName": "[toLower(concat('publicIP',parameters('vmName')))]",
    "publicIPAddressType": "Dynamic",
    "nicName": "[toLower(concat('nic',parameters('vmName')))]",
    "keyVaultURL": "[concat('https://', parameters('keyVaultName'), '.vault.azure.net/')]",
    "keyVaultResourceID": "[concat(resourceGroup().id,'/providers/Microsoft.KeyVault/vaults/', parameters('keyVaultName'))]"
  },

  "resources": [
    {
      "apiVersion": "2015-06-15",
      "type": "Microsoft.Network/publicIPAddresses",
      "name": "[variables('publicIPAddressName')]",
      "location": "[resourceGroup().location]",
      "properties": {
        "publicIPAllocationMethod": "[variables('publicIPAddressType')]",
        "dnsSettings": {
          "domainNameLabel": "[variables('dnsNameForPublicIP')]"
        }
      }
    },
    {
      "apiVersion": "2015-06-15",
      "type": "Microsoft.Network/networkInterfaces",
      "name": "[variables('nicName')]",
      "location": "[resourceGroup().location]",
      "dependsOn": [
        "[concat('Microsoft.Network/publicIPAddresses/', variables('publicIPAddressName'))]"
      ],
      "properties": {
        "ipConfigurations": [
          {
            "name": "ipconfig1",
            "properties": {
              "privateIPAllocationMethod": "Dynamic",
              "publicIPAddress": {
                "id": "[resourceId('Microsoft.Network/publicIPAddresses',variables('publicIPAddressName'))]"
              },
              "subnet": {
                "id": "[variables('subnetRef')]"
              }
            }
          }
        ]
      }
    },
    {
      "apiVersion": "2015-06-15",
      "type": "Microsoft.Compute/virtualMachines",
      "name": "[parameters('vmName')]",
      "location": "[resourceGroup().location]",
      "dependsOn": [
        "[concat('Microsoft.Network/networkInterfaces/', variables('nicName'))]"
      ],
      "properties": {
        "hardwareProfile": {
          "vmSize": "[parameters('vmSize')]"
        },
        "osProfile": {
          "computerName": "[parameters('vmName')]",
          "adminUsername": "[parameters('adminUsername')]",
          "adminPassword": "[parameters('adminPassword')]"
        },
        "storageProfile": {
          "imageReference": {
            "publisher": "[variables('imagePublisher')]",
            "offer": "[variables('imageOffer')]",
            "sku": "[variables('osSku')]",
            "version": "latest"
          },
          "osDisk": {
            "name": "[variables('osDiskName')]",
            "vhd": {
              "uri": "[concat('http://',parameters('newStorageAccountName'),'.blob.core.windows.net/',parameters('vmStorageContainerName'),'/',variables('osDiskName'),'.vhd')]"
            },
            "caching": "ReadWrite",
            "createOption": "FromImage"
          }
        },
        "networkProfile": {
          "networkInterfaces": [
            {
              "id": "[resourceId('Microsoft.Network/networkInterfaces',variables('nicName'))]"
            }
          ]
        }
      }
    },
    {
      "name": "UpdateEncryptionSettings",
      "type": "Microsoft.Resources/deployments",
      "apiVersion": "2015-01-01",
      "dependsOn": [
        "[concat('Microsoft.Compute/virtualMachines/', parameters('vmName'))]"
      ],
      "properties": {
        "mode": "Incremental",
        "templateLink": {
          "uri": "https://raw.githubusercontent.com/azure/azure-quickstart-templates/master/201-encrypt-running-windows-vm/azuredeploy.json",
          "contentVersion": "1.0.0.0"
        },
        "parameters": {
          "vmName": {
            "value": "[parameters('vmName')]"
          },
          "aadClientID": {
            "value": "[parameters('aadClientID')]"
          },
          "aadClientSecret": {
            "value": "[parameters('aadClientSecret')]"
          },
          "keyVaultResourceID": {
            "value": "[variables('keyVaultResourceID')]"
          },
          "keyVaultURL": {
            "value": "[variables('keyVaultURL')]"
          },
          "useExistingKek": {
            "value": "[parameters('useExistingKek')]"
          },
          "keyEncryptionKeyURL": {
            "value": "[parameters('keyEncryptionKeyURL')]"
          }
        }
      }
    }
  ]
}
