{
  "$schema": "http://schema.management.azure.com/schemas/2015-01-01/deploymentParameters.json#",
  "contentVersion": "1.0.0.0",
  "parameters": {
    "adminUsername": {
      "value": "username"
    },
    "adminPassword": {
      "value": "password!"
    },
    "userImageStorageAccountName": {
      "value": "myStorageAccount"
    },
    "userImageStorageContainerName": {
      "value": "myContainerName"
    },
    "userImageVhdName": {
      "value": "sample.vhd"
    },
    "dnsNameForPublicIP": {
      "value": "uniqueDNS"
    },
    "osType": {
      "value": "linux"
    },
    "vmSize": {
      "value": "Standard_D2"
    }
  }
}