{
  "$schema": "http://schema.management.azure.com/schemas/2015-01-01/deploymentTemplate.json#",
  "contentVersion": "1.0.0.0",
  "parameters": {
    "newLabName": {
      "type": "string",
      "metadata": {
        "description": "The name of the new lab instance to be created."
      }
    },
    "labVmShutDownTime": {
      "type": "string",
      "minLength": 5,
      "maxLength": 5,
      "metadata": {
        "description": "The UTC time at which the Lab VMs will be automatically shutdown (E.g. 17:30, 20:00, 09:00)."
      }
    },
    "maxAllowedVmsPerUser": {
      "type": "int",
      "minValue": 0,
      "metadata": {
        "description": "The maximum number of VMs allowed per user."
      }
    },
    "maxAllowedVmsPerLab": {
      "type": "int",
      "minValue": 0,
      "metadata": {
        "description": "The maximum number of VMs allowed per lab."
      }
    },
    "allowedVmSizes": {
      "type": "string",
      "defaultValue": "\"Standard_A5\", \"Standard_A3\", \"Standard_A2\"",
      "minLength": 3,
      "metadata": {
        "description": "A comma-separated list of VM sizes that are allowed in the lab."
      }
    }
  },
  "resources": [
    {
      "apiVersion": "2015-05-21-preview",
      "type": "Microsoft.DevTestLab/labs",
      "name": "[trim(parameters('newLabName'))]",
      "location": "[resourceGroup().location]",
      "resources": [
        {
          "apiVersion": "2015-05-21-preview",
          "name": "LabVmsShutdown",
          "type": "schedules",
          "dependsOn": [
            "[resourceId('Microsoft.DevTestLab/labs', parameters('newLabName'))]"
          ],
          "properties": {
            "status": "enabled",
            "time": {
              "hour": "[split(trim(parameters('labVmShutDownTime')), ':')[0]]",
              "minute": "[split(trim(parameters('labVmShutDownTime')), ':')[1]]"
            }
          }
        },
        {
          "apiVersion": "2015-05-21-preview",
          "name": "MaxVmsAllowedPerUser",
          "type": "policies",
          "dependsOn": [
            "[resourceId('Microsoft.DevTestLab/labs', parameters('newLabName'))]"
          ],
          "properties": {
            "description": "",
            "factName": "UserOwnedLabVmCount",
            "threshold": "[string(parameters('maxAllowedVmsPerUser'))]",
            "policyEvaluatorType": "MaxValuePolicy",
            "status": "enabled"
          }
        },
        {
          "apiVersion": "2015-05-21-preview",
          "name": "MaxVmsAllowedPerLab",
          "type": "policies",
          "dependsOn": [
            "[resourceId('Microsoft.DevTestLab/labs', parameters('newLabName'))]"
          ],
          "properties": {
            "description": "",
            "factName": "LabVmCount",
            "threshold": "[string(parameters('maxAllowedVmsPerLab'))]",
            "policyEvaluatorType": "MaxValuePolicy",
            "status": "enabled"
          }
        },
        {
          "apiVersion": "2015-05-21-preview",
          "name": "AllowedVmSizesInLab",
          "type": "policies",
          "dependsOn": [
            "[resourceId('Microsoft.DevTestLab/labs', parameters('newLabName'))]"
          ],
          "properties": {
            "description": "",
            "factName": "LabVmSize",
            "threshold": "[concat('[', trim(parameters('allowedVmSizes')), ']')]",
            "policyEvaluatorType": "AllowedValuesPolicy",
            "status": "enabled"
          }
        }
      ]
    }
  ],
  "outputs": {
    "labId": {
      "type": "string",
      "value": "[resourceId('Microsoft.DevTestLab/labs', parameters('newLabName'))]"
    }
  }
}

