{
    "$schema": "http://schema.management.azure.com/schemas/2015-01-01/deploymentParameters.json#",
    "contentVersion": "1.0.0.0",
    "parameters": {
        "redisCacheName": {
            "value": "CacheName"
        },
        "redisCacheLocation": {
            "value": "West US"
        },
        "redisShardCount": {
            "value": 1
        },
        "existingDiagnosticsStorageAccountName": {
            "value": "ExistingStorageAccount"
        },
        "virtualNetwork": {
            "value": "ExistingVNetName"
        },
        "subnet": {
            "value": "ExistingSubnet"
        },
        "redisCacheStaticIP": {
            "value": "StaticIPAddress"
        }
    }
}