{
  "$schema": "http://schema.management.azure.com/schemas/2015-01-01/deploymentParameters.json#",
  "contentVersion": "1.0.0.0",
  "parameters": {
    "existingLabName": {
      "value": "MyLab1"
    },
    "imagePublisher": {
      "value": "Microsoft"
    },
    "imageOffer": {
      "value": "Oracle_Database_11g_R2"
    },
    "imageSku": {
      "value": "Oracle_Database_11g_R2_Enterprise_Edition"
    },
    "imageVersion": {
      "value": "1.0.5"
    },
    "templateName": {
      "value": "MyVMTemplate1"
    },
    "templateDescription": {
      "value": "Some description for the VM template"
    }
  }
}
