{
  "$schema": "http://schema.management.azure.com/schemas/2015-05-01/deploymentParameters.json#",
  "contentVersion": "1.0.0.0",
  "parameters": {
    "location": {
      "value": "West US"
    },
    "dnsNameLabel": {
      "value": ""
    },
    "publicIPType": {
      "value": "Static"
    },
    "numberOfVMS": {
      "value": 3
    },
    "serversRole": {
      "value": ""
    },
    "serversPurpose": {
      "value": "DEV"
    },
    "storageAccountType": {
      "value": "Standard_LRS"
    },
    "newStorageAccountName": {
      "value": ""
    },
    "vmSize": {
      "value": "Standard_D1"
    },
    "linuxFileSystem": {
      "value": "ext4"
    },
    "adminUserName": {
      "value": ""
    },
    "adminPassword": {
      "value": ""
    },
    "sshKeyData": {
      "value": ""
    },
    "customScriptConfigStorageAccountName": {
      "value": ""
    },
    "customScriptConfigStorageAccountKey": {
      "value": ""
    }
  }
}
