{
  "$schema": "https://schema.management.azure.com/schemas/2015-01-01/deploymentTemplate.json#",
  "contentVersion": "1.0.0.0",
  "parameters": {
    "location": {
      "type": "string",
      "allowedValues": [
        "West US",
        "West Europe",
        "East US",
        "East Asia",
        "Southeast Asia"
      ],
      "metadata": {
        "description": "Region where you want to create all the resources"
      }
    },
    "newStorageAccountName": {
      "type": "string",
      "metadata": {
        "description": "Storage account name pattern.The template will use this value and the resource group name for all the storage accounts."
      }
    },
    "storageAccountType": {
      "type": "string",
      "defaultValue": "Standard_LRS",
      "allowedValues": [
        "Standard_LRS",
        "Premium_LRS"
      ],
      "metadata": {
        "description": "Storage account Type. Standard_LRS or Premium_LRS"
      }
    },
    "vmSize": {
      "type": "string",
      "defaultValue": "Standard_D2",
      "allowedValues": [
        "Standard_D1",
        "Standard_DS1",
        "Standard_D2",
        "Standard_DS2",
        "Standard_D3",
        "Standard_DS3",
        "Standard_D4",
        "Standard_DS4",
        "Standard_D11",
        "Standard_DS11",
        "Standard_D12",
        "Standard_DS12",
        "Standard_D13",
        "Standard_DS13",
        "Standard_D14",
        "Standard_DS14"
      ],
      "metadata": {
        "description": "VM Size, for Premium Storage specify DS VMs."
      }
    },
    "vmNamePattern": {
      "type": "string",
      "defaultValue": "VM",
      "metadata": {
        "description": "VM Name Pattern; which wil be concatenated with an incremental number"
      }
    },
    "vmSizeDataDisks": {
      "type": "int",
      "defaultValue": 120,
      "metadata": {
        "description": "Data disks Size in GBs"
      }
    },
    "linuxFileSystem": {
      "type": "string",
      "allowedValues": [
        "ext4",
        "xfs"
      ],
      "defaultValue": "ext4",
      "metadata": {
        "description": "Linux File system"
      }
    },
    "serversRole": {
      "type": "string",
      "metadata": {
        "description": "Servers role, for instance webtier, database.A tag will be created with the provided value"
      }
    },
    "serversPurpose": {
      "type": "string",
      "defaultValue": "DEV",
      "metadata": {
        "description": "Servers purpose, for instance development, test, pre-production, production.A tag will be created with the provided value"
      }
    },
    "imagePublisher": {
      "type": "string",
      "defaultValue": "Canonical",
      "allowedValues": [
        "Canonical",
        "OpenLogic"
      ],
      "metadata": {
        "description": "VM Image Publisher"
      }
    },
    "imageOffer": {
      "type": "string",
      "defaultValue": "UbuntuServer",
      "allowedValues": [
        "UbuntuServer",
        "CentOS"
      ],
      "metadata": {
        "description": "VM Image Offer"
      }
    },
    "imageSKU": {
      "type": "string",
      "defaultValue": "12.04.5-LTS",
      "allowedValues": [
        "12.04.5-LTS",
        "6.5"
      ],
      "metadata": {
        "description": "VM Image SKU"
      }
    },
    "numberOfVms": {
      "type": "int",
      "defaultValue": 3,
      "metadata": {
        "description": "Number of VMs.The template will create N number of identical VMs"
      }
    },
    "adminUserName": {
      "type": "string",
      "metadata": {
        "description": "Admin user name"
      }
    },
    "adminPassword": {
      "type": "securestring",
      "metadata": {
        "description": "Admin password"
      }
    },
    "sshKeyData": {
      "type": "string",
      "metadata": {
        "description": "ssh public key for the admin user"
      }
    },
    "customScriptConfigStorageAccountName": {
      "type": "string",
      "metadata": {
        "description": "Private storage account name in which you are storing your certificates for ansible and the template bash scripts"
      }
    },
    "customScriptConfigStorageAccountKey": {
      "type": "string",
      "metadata": {
        "description": "Private storage account key"
      }
    },
    "publicIPType": {
      "type": "string",
      "allowedValues": [
        "Static",
        "Dynamic"
      ],
      "defaultValue": "Dynamic",
      "metadata": {
        "description": "Public facing IP Type."
      }
    },
    "dnsNameLabel": {
      "type": "string",
      "metadata": {
        "description": "Public facing DNS name"
      }
    }
  },
  "variables": {
    "apiVersion": "2015-05-01-preview",
    "vmStorageAccountContainerName": "vhds",
    "createRAID": "true",
    "availabilitySetName": "AvSet01",
    "faultDomainCount": "3",
    "updateDomainCount": "10",
    "virtualNetworkName": "VNet01",
    "addressPrefix": "10.0.0.0/16",
    "subnet1Name": "FrontEnd",
    "subnet2Name": "Backend",
    "subnet1Prefix": "10.0.1.0/24",
    "subnet2Prefix": "10.0.2.0/24",
    "publicIPName": "VIP01",
    "VMIPAddressStart": "10.0.2.2",
    "vmNICNamePattern": "NICVM",
    "loadBalancerName": "LB01",
    "sshNatRuleFrontEndPort": "6400",
    "sshNatRuleBackEndPort": "22",
    "sshKeyPath": "[concat('/home/',parameters('adminUsername'),'/.ssh/authorized_keys')]",
    "sshRootCerBlobLocation": "customscript/id_rsa",
    "sshRootPubBlobLocation": "customscript/id_rsa.pub",
    "ansiblePlaybookLocation": "customscript/InitStorage_RAID.yml",
    "customScriptAnsibleFile": "configure_ansible.sh",
    "customScriptAnsibleUrl": "[concat('https://',parameters('customScriptConfigStorageAccountName'),'.blob.core.windows.net/customscript/',variables('customScriptAnsibleFile'))]",
    "customScriptAnsibleCommand": "[concat('bash ',variables('customScriptAnsibleFile'))]",
    "customScriptAnsibleParameters": "[concat(' -i ',variables('VMIPAddressStart'),' -n ',parameters('numberOfVms'),' -r ',variables('createRAID'),' -f ',parameters('linuxFileSystem'))]",
    "sshRootCerBlobUrl": "[concat('https://',parameters('customScriptConfigStorageAccountName'),'.blob.core.windows.net/',variables('sshRootCerBlobLocation'))]",
    "customScriptSSHRootFile": "configure_ssh_root.sh",
    "customScriptSSHRootUrl": "[concat('https://',parameters('customScriptConfigStorageAccountName'),'.blob.core.windows.net/customscript/',variables('customScriptSSHRootFile'))]",
    "customScriptSSHRootCommand": "[concat('bash ',variables('customScriptSSHRootFile'))]",
    "sshRootPubBlobUrl": "[concat('https://',parameters('customScriptConfigStorageAccountName'),'.blob.core.windows.net/',variables('sshRootPubBlobLocation'))]",
    "ansiblePlaybookUrl": "[concat('https://',parameters('customScriptConfigStorageAccountName'),'.blob.core.windows.net/',variables('ansiblePlaybookLocation'))]",
    "ansibleVmTypes": {
      "Premium_LRS": {
        "vmSize": "Standard_DS1"
      },
      "Standard_LRS": {
        "vmSize": "Standard_A1"
      }
    },
    "currentEnvironmentSettings": "[variables('ansibleVmTypes')[parameters('storageAccountType')]]",
    "ansibleVmType": "[variables('currentEnvironmentSettings').vmSize]",
    "publicIPRef": "[resourceId('Microsoft.Network/publicIPAddresses',variables('publicIPName'))]",
    "NICipconfig": "ipCnfgBE",
    "NICRef": "[resourceId('Microsoft.Network/networkInterfaces',variables('vmNICNamePattern'))]",
    "DNSNameLB": "[concat(parameters('dnsNameLabel'))]",
    "vnetRef": "[resourceId('Microsoft.Network/virtualNetworks',variables('virtualNetworkName'))]",
    "subnetBackEndRef": "[concat(variables('vnetRef'),'/subnets/',variables('subnet2Name'))]",
    "FrontEndRef": "[concat(variables('vnetRef'),'/subnets/',variables('subnet1Name'))]",
    "loadBalancerRef": "[resourceId('Microsoft.Network/loadBalancers',variables('loadBalancerName'))]",
    "lbRuleName": "lbRuleCbAdmin",
    "lbRuleRef": "[concat(variables('loadBalancerRef'),'/loadBalancingRules/',variables('lbRuleName'))]",
    "lbFEConfig": "PLBcbaFrontConfg",
    "lbFEConfigRef": "[concat(variables('loadBalancerRef'),'/frontendIPConfigurations/',variables('lbFEConfig'))]",
    "lbBEConfig": "[concat('LBBEcbaFrontConfg')]",
    "lbBEConfigRef": "[concat(variables('loadBalancerRef'),'/backendAddressPools/' ,variables('lbBEConfig'))]",
    "lbcbaProbe": "cbaLBProbe",
    "lbcbaProbeRef": "[concat(variables('loadBalancerRef'),'/probes/',variables('lbcbaProbe'))]",
    "lbProbePort": 8092,
    "lbExposedPort": 80,
    "lbcbaIdleTimeOut": 4,
    "newStorageAccountName": "[concat(resourceGroup().name,parameters('newStorageAccountName'),'0')]",
    "storageRef": "[concat('Microsoft.Storage/storageAccounts/', variables('newStorageAccountName'))]"
  },
  "resources": [
    {
      "apiVersion": "[variables('apiVersion')]",
      "type": "Microsoft.Network/virtualNetworks",
      "name": "[variables('virtualNetworkName')]",
      "location": "[parameters('location')]",
      "properties": {
        "addressSpace": {
          "addressPrefixes": [
            "[variables('addressPrefix')]"
          ]
        },
        "subnets": [
          {
            "name": "[variables('subnet1Name')]",
            "properties": {
              "addressPrefix": "[variables('subnet1Prefix')]"
            }
          },
          {
            "name": "[variables('subnet2Name')]",
            "properties": {
              "addressPrefix": "[variables('subnet2Prefix')]"
            }
          }
        ]
      }
    },
    {
      "apiVersion": "[variables('apiVersion')]",
      "type": "Microsoft.Network/publicIPAddresses",
      "name": "[variables('publicIPName')]",
      "location": "[parameters('location')]",
      "dependsOn": [
        "[variables('vnetRef')]"
      ],
      "properties": {
        "publicIPAllocationMethod": "[parameters('publicIPType')]",
        "dnsSettings": {
          "domainNameLabel": "[variables('DNSNameLB')]"
        }
      }
    },
    {
      "apiVersion": "[variables('apiVersion')]",
      "type": "Microsoft.Network/loadBalancers",
      "name": "[variables('loadBalancerName')]",
      "location": "[parameters('location')]",
      "dependsOn": [
        "[variables('publicIPRef')]"
      ],
      "properties": {
        "frontendIPConfigurations": [
          {
            "name": "[variables('lbFEConfig')]",
            "properties": {
              "publicIPAddress": {
                "id": "[variables('publicIPRef')]"
              }
            }
          }
        ],
        "backendAddressPools": [
          {
            "name": "[variables('lbBEConfig')]"
          }
        ],
        "probes": [
          {
            "name": "[variables('lbcbaProbe')]",
            "properties": {
              "protocol": "tcp",
              "port": "[variables('lbProbePort')]",
              "intervalInSeconds": "5",
              "numberOfProbes": "3"
            }
          }
        ],
        "loadBalancingRules": [
          {
            "name": "[variables('lbRuleName')]",
            "properties": {
              "frontendIPConfiguration": {
                "id": "[variables('lbFEConfigRef')]"
              },
              "backendAddressPool": {
                "id": "[variables('lbBEConfigRef')]"
              },
              "protocol": "tcp",
              "frontendPort": "[variables('lbExposedPort')]",
              "backendPort": "[variables('lbExposedPort')]",
              "enableFloatingIP": false,
              "idleTimeoutInMinutes": "[ variables('lbcbaIdleTimeOut')]",
              "probe": {
                "id": "[variables('lbcbaProbeRef')]"
              }
            }
          }
        ],
        "inboundNatRules": [
          {
            "name": "sshToAnsibleControllerNATRule",
            "properties": {
              "frontendIPConfiguration": {
                "id": "[variables('lbFEConfigRef')]"
              },
              "protocol": "tcp",
              "frontendPort": "[concat(variables('sshNatRuleFrontEndPort'),'0')]",
              "backendPort": "[variables('sshNatRuleBackEndPort')]",
              "enableFloatingIP": false
            }
          }
        ]
      }
    },
    {
      "type": "Microsoft.Compute/availabilitySets",
      "name": "[variables('availabilitySetName')]",
      "apiVersion": "[variables('apiVersion')]",
      "location": "[parameters('location')]",
      "properties": {
        "PlatformFaultDomainCount": "[variables('faultDomainCount')]",
        "PlatformUpdateDomainCount": "[variables('updateDomainCount')]"
      }
    },
    {
      "type": "Microsoft.Storage/storageAccounts",
      "name": "[variables('newStorageAccountName')]",
      "apiVersion": "2015-05-01-preview",
      "location": "[parameters('location')]",
      "properties": {
        "accountType": "[parameters('storageAccountType')]"
      }
    },
    {
      "apiVersion": "[variables('apiVersion')]",
      "type": "Microsoft.Network/networkInterfaces",
      "name": "[concat(variables('vmNICNamePattern'),copyIndex())]",
      "location": "[parameters('location')]",
      "copy": {
        "name": "NICSLoop",
        "count": "[parameters('numberOfVMS')]"
      },
      "dependsOn": [
        "[variables('vnetRef')]",
        "[variables('loadBalancerRef')]"
      ],
      "properties": {
        "ipConfigurations": [
          {
            "name": "[variables('NICipconfig')]",
            "properties": {
              "privateIPAllocationMethod": "Static ",
              "privateIPAddress": "[concat(variables('VMIPAddressStart'),copyindex())]",
              "subnet": {
                "id": "[variables('subnetBackEndRef')]"
              },
              "loadBalancerBackendAddressPools": [
                {
                  "id": "[variables('lbBEConfigRef')]"
                }
              ]
            }
          }
        ]
      }
    },
    {
      "apiVersion": "[variables('apiVersion')]",
      "type": "Microsoft.Compute/virtualMachines",
      "name": "[concat(parameters('vmNamePAttern'),copyIndex())]",
      "location": "[parameters('location')]",
      "tags": {
        "ServerRole": "[parameters('serversRole')]",
        "ServerEnvironment": "[parameters('serversPurpose')]"
      },
      "copy": {
        "name": "VMsLoop",
        "count": "[parameters('numberOfVms')]"
      },
      "dependsOn": [
        "[variables('storageRef')]",
        "[concat(variables('NICRef'),copyIndex())]",
        "[concat('Microsoft.Compute/availabilitySets/', variables('availabilitySetName'))]"
      ],
      "properties": {
        "availabilitySet": {
          "id": "[resourceId('Microsoft.Compute/availabilitySets', variables('availabilitySetName'))]"
        },
        "hardwareProfile": {
          "vmSize": "[parameters('vmSize')]"
        },
        "osProfile": {
          "computerName": "[concat(parameters('vmNamePAttern'),copyIndex())]",
          "adminUsername": "[parameters('adminUserName')]",
          "adminPassword": "[parameters('adminPassword')]",
          "linuxConfiguration": {
            "disablePasswordAuthentication": "false",
            "ssh": {
              "publicKeys": [
                {
                  "path": "[variables('sshKeyPath')]",
                  "keyData": "[parameters('sshKeyData')]"
                }
              ]
            }
          }
        },
        "storageProfile": {
          "imageReference": {
            "publisher": "[parameters('imagePublisher')]",
            "offer": "[parameters('imageOffer')]",
            "sku": "[parameters('imageSKU')]",
            "version": "latest"
          },
          "osDisk": {
            "name": "[concat(parameters('vmNamePAttern'),copyIndex(), '-OS')]",
            "vhd": {
              "uri": "[concat('http://',variables('newStorageAccountName'),'.blob.core.windows.net/',variables('vmStorageAccountContainerName'),'/',parameters('vmNamePAttern'),copyIndex(),'-OS.vhd')]"
            },
            "caching": "ReadWrite",
            "createOption": "FromImage"
          },
          "dataDisks": [
            {
              "name": "[concat(parameters('vmNamePAttern'),copyIndex(), '-Data_1')]",
              "diskSizeGB": "[parameters('vmSizeDataDisks')]",
              "lun": 0,
              "vhd": {
                "uri": "[concat('http://',variables('newStorageAccountName'),'.blob.core.windows.net/',variables('vmStorageAccountContainerName'),'/',parameters('vmNamePAttern'),copyIndex(),'-Data_1.vhd')]"
              },
              "caching": "ReadOnly",
              "createOption": "Empty"
            },
            {
              "name": "[concat(parameters('vmNamePAttern'),copyIndex(), '-Data_2')]",
              "diskSizeGB": "[parameters('vmSizeDataDisks')]",
              "lun": 1,
              "vhd": {
                "uri": "[concat('http://',variables('newStorageAccountName'),'.blob.core.windows.net/',variables('vmStorageAccountContainerName'),'/',parameters('vmNamePAttern'),copyIndex(),'-Data_2.vhd')]"
              },
              "caching": "ReadOnly",
              "createOption": "Empty"
            }
          ]
        },
        "networkProfile": {
          "networkInterfaces": [
            {
              "id": "[concat(variables('NICRef'),copyIndex())]"
            }
          ]
        }
      }
    },
    {
      "type": "Microsoft.Compute/virtualMachines/extensions",
      "name": "[concat(parameters('vmNamePAttern'),copyIndex(),'/configuressh')]",
      "apiVersion": "[variables('apiVersion')]",
      "location": "[parameters('location')]",
      "copy": {
        "name": "VMExtensionsLoop",
        "count": "[parameters('numberOfVms')]"
      },
      "dependsOn": [
        "VMsLoop"
      ],
      "properties": {
        "publisher": "Microsoft.OSTCExtensions",
        "type": "CustomScriptForLinux",
        "typeHandlerVersion": "1.2",
        "settings": {
          "fileUris": [
            "[variables('customScriptSSHRootUrl')]",
            "[variables('sshRootPubBlobUrl')]"
          ],
          "commandToExecute": "[variables('customScriptSSHRootCommand')]"
        },
        "protectedSettings": {
          "storageAccountName": "[parameters('customScriptConfigStorageAccountName')]",
          "storageAccountKey": "[parameters('customScriptConfigStorageAccountKey')]"
        }
      }
    },
    {
      "apiVersion": "[variables('apiVersion')]",
      "type": "Microsoft.Network/networkInterfaces",
      "name": "NICAnsibleController",
      "location": "[parameters('location')]",
      "dependsOn": [
        "[variables('vnetRef')]",
        "[variables('loadBalancerRef')]"
      ],
      "properties": {
        "ipConfigurations": [
          {
            "name": "[variables('NICipconfig')]",
            "properties": {
              "privateIPAllocationMethod": "Static",
              "privateIPAddress": "[concat(variables('VMIPAddressStart'),parameters('numberOfVms'))]",
              "subnet": {
                "id": "[variables('subnetBackEndRef')]"
              },
              "loadBalancerInboundNatRules": [
                {
                  "id": "[concat(variables('loadBalancerRef'),'/inboundNatRules/sshToAnsibleControllerNATRule')]"
                }
              ]
            }
          }
        ]
      }
    },
    {
      "apiVersion": "[variables('apiVersion')]",
      "type": "Microsoft.Compute/virtualMachines",
      "name": "AnsibleController",
      "location": "[parameters('location')]",
      "tags": {
        "ServerRole": "AnsibleController",
        "ServerEnvironment": "[parameters('serversPurpose')]"
      },
      "dependsOn": [
        "[concat('Microsoft.Storage/storageAccounts/', variables('newStorageAccountName'))]",
        "[resourceId('Microsoft.Network/networkInterfaces','NICAnsibleController')]",
        "[concat('Microsoft.Compute/availabilitySets/', variables('availabilitySetName'))]",
        "VMsLoop"
      ],
      "properties": {
        "availabilitySet": {
          "id": "[resourceId('Microsoft.Compute/availabilitySets', variables('availabilitySetName'))]"
        },
        "hardwareProfile": {
          "vmSize": "[variables('ansibleVMType')]"
        },
        "osProfile": {
          "computerName": "AnsibleController",
          "adminUsername": "[parameters('adminUserName')]",
          "adminPassword": "[parameters('adminPassword')]",
          "linuxConfiguration": {
            "disablePasswordAuthentication": "false",
            "ssh": {
              "publicKeys": [
                {
                  "path": "[variables('sshKeyPath')]",
                  "keyData": "[parameters('sshKeyData')]"
                }
              ]
            }
          }
        },
        "storageProfile": {
          "imageReference": {
            "publisher": "[parameters('imagePublisher')]",
            "offer": "[parameters('imageOffer')]",
            "sku": "[parameters('imageSKU')]",
            "version": "latest"
          },
          "osDisk": {
            "name": "AnsibleController-OS",
            "vhd": {
              "uri": "[concat('http://',variables('newStorageAccountName'),'.blob.core.windows.net/',variables('vmStorageAccountContainerName'),'/AnsibleController-OS.vhd')]"
            },
            "caching": "ReadWrite",
            "createOption": "FromImage"
          },
          "dataDisks": []
        },
        "networkProfile": {
          "networkInterfaces": [
            {
              "id": "[resourceId('Microsoft.Network/networkInterfaces','NICAnsibleController')]"
            }
          ]
        }
      }
    },
    {
      "type": "Microsoft.Compute/virtualMachines/extensions",
      "name": "AnsibleController/installansible",
      "apiVersion": "[variables('apiVersion')]",
      "location": "[parameters('location')]",
      "dependsOn": [
        "Microsoft.Compute/virtualMachines/AnsibleController"
      ],
      "properties": {
        "publisher": "Microsoft.OSTCExtensions",
        "type": "CustomScriptForLinux",
        "typeHandlerVersion": "1.2",
        "settings": {
          "fileUris": [
            "[variables('customScriptAnsibleUrl')]",
            "[variables('ansiblePlaybookUrl')]",
            "[variables('sshRootPubBlobUrl')]",
            "[variables('sshRootCerBlobUrl')]"
          ],
          "commandToExecute": "[concat(variables('customScriptAnsibleCommand'),variables('customScriptAnsibleParameters'))]"
        },
        "protectedSettings": {
          "storageAccountName": "[parameters('customScriptConfigStorageAccountName')]",
          "storageAccountKey": "[parameters('customScriptConfigStorageAccountKey')]"
        }
      }
    }
  ],
  "outputs": {
    "sshResourceURL": {
      "value": "[concat('SSH Url to Ansible :',parameters('adminUserName'),'@', reference(variables('publicIPRef'),providers('Microsoft.Network', 'publicIPAddresses').apiVersions[0]).dnsSettings.fqdn,' -p ',variables('sshNatRuleFrontEndPort'))]",
      "type": "string"
    }
  }
}
