{
  "$schema":"http://schema.management.azure.com/schemas/2015-01-01-preview/deploymentTemplate.json",
  "contentVersion":"1.0.0.0",
  "parameters":{
    "resourceLocation":{
      "type":"string",
      "allowedValues":[
        "East US",
        "East US 2",
        "West US",
        "Central US",
        "South Central US",
        "North Central US",
        "North Europe",
        "West Europe",
        "Southeast Asia",
        "East Asia",
        "Japan West",
        "Japan East",
        "Brazil South",
        "Australia East",
        "Australia Southeast"
      ],
      "metadata":{
        "description":"Azure region where all resources will be deployed. This is distinct from resource group location."
      }
    },
    "vmSku":{
      "type":"string",
      "defaultValue":"Standard_A1",
      "metadata":{
        "description":"Size of VMs in the VM Scale Set."
      }
    },
    "windowsOSVersion": {
      "type": "string",
      "defaultValue": "2012-R2-Datacenter",
      "allowedValues": [
        "2008-R2-SP1",
        "2012-Datacenter",
        "2012-R2-Datacenter"
      ],
      "metadata": {
        "description": "The Windows version for the VM. This will pick a fully patched image of this given Windows version. Allowed values: 2008-R2-SP1, 2012-Datacenter, 2012-R2-Datacenter."
      }
    },
    "vmssName":{
      "type":"string",
      "metadata":{
        "description":"String used as a base for naming resources (9 characters or less). A hash is prepended to this string for some resources, and resource-specific information is appended."
      },
      "maxLength":9
    },
    "instanceCount":{
      "type":"int",
      "metadata":{
        "description":"Number of VM instances (100 or less)."
      },
      "maxValue":100
    },
    "adminUsername":{
      "type":"string",
      "metadata":{
        "description":"Admin username on all VMs."
      }
    },
    "adminPassword":{
      "type":"securestring",
      "metadata":{
        "description":"Admin password on all VMs."
      }
    }
  },
  "variables":{
    "apiVersion":"2015-06-15",
    "jumpBoxName":"[concat(parameters('vmssName'), 'jumpbox')]",
    "jumpBoxSAName":"[concat(uniqueString(concat(resourceGroup().id, variables('newStorageAccountSuffix'), 'jumpboxsa')), 'jb')]",
    "jumpBoxOSDiskName":"[concat(variables('jumpBoxName'), 'osdisk')]",
    "jumpBoxVHDContainerName":"[concat(variables('jumpBoxName'), 'vhd')]",
    "jumpBoxIPConfigName":"[concat(variables('jumpBoxName'), 'ipconfig')]",
    "jumpBoxNicName":"[concat(variables('jumpBoxName'), 'nic')]",
    "storageAccountType":"Standard_LRS",
    "saCount":5,
    "namingInfix": "[toLower(parameters('vmssName'))]",
    "newStorageAccountSuffix":"[concat(variables('namingInfix'), 'sa')]",
    "uniqueStringArray":[
      "[concat(uniqueString(concat(resourceGroup().id, variables('newStorageAccountSuffix'), '0')))]",
      "[concat(uniqueString(concat(resourceGroup().id, variables('newStorageAccountSuffix'), '1')))]",
      "[concat(uniqueString(concat(resourceGroup().id, variables('newStorageAccountSuffix'), '2')))]",
      "[concat(uniqueString(concat(resourceGroup().id, variables('newStorageAccountSuffix'), '3')))]",
      "[concat(uniqueString(concat(resourceGroup().id, variables('newStorageAccountSuffix'), '4')))]"
    ],
    "vhdContainerName":"[concat(variables('namingInfix'), 'vhd')]",
    "osDiskName":"[concat(variables('namingInfix'), 'osdisk')]",
    "addressPrefix":"10.0.0.0/16",
    "subnetPrefix":"10.0.0.0/24",
    "virtualNetworkName":"[concat(variables('namingInfix'), 'vnet')]",
    "subnetName":"[concat(variables('namingInfix'), 'subnet')]",
    "vnetID":"[resourceId('Microsoft.Network/virtualNetworks',variables('virtualNetworkName'))]",
    "subnetRef":"[concat(variables('vnetID'),'/subnets/',variables('subnetName'))]",
    "publicIPAddressName":"[concat(variables('namingInfix'), 'pip')]",
    "publicIPAddressID":"[resourceId('Microsoft.Network/publicIPAddresses',variables('publicIPAddressName'))]",
    "nicName":"[concat(variables('namingInfix'), 'nic')]",
    "ipConfigName":"[concat(variables('namingInfix'), 'ipconfig')]",
    "osType":{
      "publisher":"MicrosoftWindowsServer",
      "offer":"WindowsServer",
      "sku":"[parameters('windowsOSVersion')]",
      "version":"latest"
    },
    "imageReference":"[variables('osType')]"
  },
  "resources":[
    {
      "type":"Microsoft.Network/virtualNetworks",
      "name":"[variables('virtualNetworkName')]",
      "location":"[parameters('resourceLocation')]",
      "apiVersion":"[variables('apiVersion')]",
      "properties":{
        "addressSpace":{
          "addressPrefixes":[
            "[variables('addressPrefix')]"
          ]
        },
        "subnets":[
          {
            "name":"[variables('subnetName')]",
            "properties":{
              "addressPrefix":"[variables('subnetPrefix')]"
            }
          }
        ]
      }
    },
    {
      "type":"Microsoft.Storage/storageAccounts",
      "name":"[variables('jumpBoxSAName')]",
      "location":"[parameters('resourceLocation')]",
      "apiVersion":"[variables('apiVersion')]",
      "properties":{
        "accountType":"[variables('storageAccountType')]"
      }
    },
    {
      "type":"Microsoft.Storage/storageAccounts",
      "name":"[concat(variables('uniqueStringArray')[copyIndex()], variables('newStorageAccountSuffix'))]",
      "location":"[parameters('resourceLocation')]",
      "apiVersion":"[variables('apiVersion')]",
      "copy":{
        "name":"storageLoop",
        "count":"[variables('saCount')]"
      },
      "properties":{
        "accountType":"[variables('storageAccountType')]"
      }
    },
    {
      "type":"Microsoft.Network/publicIPAddresses",
      "name":"[variables('publicIPAddressName')]",
      "location":"[parameters('resourceLocation')]",
      "apiVersion":"[variables('apiVersion')]",
      "properties":{
        "publicIPAllocationMethod":"Dynamic",
        "dnsSettings":{
          "domainNameLabel":"[variables('namingInfix')]"
        }
      }
    },
    {
      "type":"Microsoft.Network/networkInterfaces",
      "name":"[variables('jumpBoxNicName')]",
      "location":"[parameters('resourceLocation')]",
      "apiVersion":"[variables('apiVersion')]",
      "dependsOn":[
        "[concat('Microsoft.Network/publicIPAddresses/', variables('publicIPAddressName'))]",
        "[concat('Microsoft.Network/virtualNetworks/', variables('virtualNetworkName'))]"
      ],
      "properties":{
        "ipConfigurations":[
          {
            "name":"[variables('jumpBoxIPConfigName')]",
            "properties":{
              "privateIPAllocationMethod":"Dynamic",
              "publicIPAddress":{
                "id":"[resourceId('Microsoft.Network/publicIPAddresses',variables('publicIPAddressName'))]"
              },
              "subnet":{
                "id":"[variables('subnetRef')]"
              }
            }
          }
        ]
      }
    },
    {
      "type":"Microsoft.Compute/virtualMachines",
      "name":"[variables('jumpBoxName')]",
      "location":"[parameters('resourceLocation')]",
      "apiVersion":"[variables('apiVersion')]",
      "dependsOn":[
        "[concat('Microsoft.Storage/storageAccounts/', variables('jumpBoxSAName'))]",
        "[concat('Microsoft.Network/networkInterfaces/', variables('jumpBoxNicName'))]"
      ],
      "properties":{
        "hardwareProfile":{
          "vmSize":"[parameters('vmSku')]"
        },
        "osProfile":{
          "computerName":"[variables('jumpBoxName')]",
          "adminUsername":"[parameters('adminUsername')]",
          "adminPassword":"[parameters('adminPassword')]"
        },
        "storageProfile":{
          "imageReference":"[variables('imageReference')]",
          "osDisk":{
            "name":"[variables('jumpBoxOSDiskName')]",
            "vhd":{
              "uri":"[concat('http://',variables('jumpBoxSAName'),'.blob.core.windows.net/',variables('jumpBoxVHDContainerName'),'/',variables('jumpBoxOSDiskName'),'.vhd')]"
            },
            "caching":"ReadWrite",
            "createOption":"FromImage"
          }
        },
        "networkProfile":{
          "networkInterfaces":[
            {
              "id":"[resourceId('Microsoft.Network/networkInterfaces',variables('jumpBoxNicName'))]"
            }
          ]
        },
        "diagnosticsProfile":{
          "bootDiagnostics":{
            "enabled":"true",
            "storageUri":"[concat('http://',variables('jumpBoxSAName'),'.blob.core.windows.net')]"
          }
        }
      }
    },
    {
      "type":"Microsoft.Compute/virtualMachineScaleSets",
      "name":"[variables('namingInfix')]",
      "location":"[parameters('resourceLocation')]",
      "apiVersion":"[variables('apiVersion')]",
      "dependsOn":[
        "storageLoop",
        "[concat('Microsoft.Network/virtualNetworks/', variables('virtualNetworkName'))]"
      ],
      "sku":{
        "name":"[parameters('vmSku')]",
        "tier":"Standard",
        "capacity":"[parameters('instanceCount')]"
      },
      "properties":{
        "upgradePolicy":{
          "mode":"Manual"
        },
        "virtualMachineProfile":{
          "storageProfile":{
            "osDisk":{
              "vhdContainers":[
                "[concat('https://', variables('uniqueStringArray')[0], variables('newStorageAccountSuffix'), '.blob.core.windows.net/', variables('vhdContainerName'))]",
                "[concat('https://', variables('uniqueStringArray')[1], variables('newStorageAccountSuffix'), '.blob.core.windows.net/', variables('vhdContainerName'))]",
                "[concat('https://', variables('uniqueStringArray')[2], variables('newStorageAccountSuffix'), '.blob.core.windows.net/', variables('vhdContainerName'))]",
                "[concat('https://', variables('uniqueStringArray')[3], variables('newStorageAccountSuffix'), '.blob.core.windows.net/', variables('vhdContainerName'))]",
                "[concat('https://', variables('uniqueStringArray')[4], variables('newStorageAccountSuffix'), '.blob.core.windows.net/', variables('vhdContainerName'))]"
              ],
              "name":"[variables('osDiskName')]",
              "caching":"ReadOnly",
              "createOption":"FromImage"
            },
            "imageReference":"[variables('imageReference')]"
          },
          "osProfile":{
            "computerNamePrefix":"[variables('namingInfix')]",
            "adminUsername":"[parameters('adminUsername')]",
            "adminPassword":"[parameters('adminPassword')]"
          },
          "networkProfile":{
            "networkInterfaceConfigurations":[
              {
                "name":"[variables('nicName')]",
                "properties":{
                  "primary":"true",
                  "ipConfigurations":[
                    {
                      "name":"[variables('ipConfigName')]",
                      "properties":{
                        "subnet":{
                          "id":"[concat('/subscriptions/', subscription().subscriptionId,'/resourceGroups/', resourceGroup().name, '/providers/Microsoft.Network/virtualNetworks/', variables('virtualNetworkName'), '/subnets/', variables('subnetName'))]"
                        }
                      }
                    }
                  ]
                }
              }
            ]
          }
        }
      }
    }
  ]
}