{
  "itemDisplayName": "Deploy a simple VM Scale Set with Windows VMs and a Jumpbox",
  "description": "This template allows you to deploy a simple VM Scale Set of Windows VMs using the lastest patched version of serveral Windows versions. This template also deploys a jumpbox with a public IP address in the same virtual network. You can connect to the jumpbox via this public IP address, then connect from there to VMs in the scale set via private IP addresses.",
  "summary": "This template deploys a VM Scale Set of Windows VMs with a jumpbox.",
  "githubUsername": "gatneil",
  "dateUpdated": "2015-11-09"
}
