﻿{
    "$schema": "http://schema.management.azure.com/schemas/2015-01-01/deploymentTemplate.json#",
    "contentVersion": "1.0.0.0",
    "parameters": {        
        "existingRIPSubId": {
            "type": "string",
            "metadata": {
                "description": "The ID of the subscription containing your existing reserved IP."
            }
        },
        "existingRIPResourceGroupName": {
            "type": "string",
            "metadata": {
                "description": "The name of the resource group containing your existing reserved IP."
            }
        },
        "existingRIPName": {
            "type": "string",
            "metadata": {
                "description": "The name of your existing reserved IP."
            }
        }
    },
    "variables": {
        "network_LB_Public_Name": "publicLB",
        "network_LB_Public_Id": "[resourceId('Microsoft.Network/loadBalancers',variables('network_LB_Public_Name'))]",
        "network_LB_Public_FEName": "publicLBFE",
        "network_LB_Public_FEId": "[concat(variables('network_LB_Public_Id'),'/frontendIPConfigurations/',variables('network_LB_Public_FEName'))]",
        "network_LB_Public_BEName": "publicLBBE",
        "network_LB_Public_BEId": "[concat(variables('network_LB_Public_Id'),'/backendIPConfigurations/',variables('network_LB_Public_FEName'))]",
        "network_LB_Public_BEPoolName": "publicLBBEPool",
        "network_LB_Public_BEPoolId": "[concat(variables('network_LB_Public_Id'),'/backendAddressPools/',variables('network_LB_Public_BEPoolName'))]",

        "network_LB_Public_NatRule_SSH_vm_Name": "fg1SSHNat",
        "network_LB_Public_NatRule_SSH_vm_Id": "[concat(variables('network_LB_Public_Id'),'/inboundNatRules/',variables('network_LB_Public_NatRule_SSH_vm_Name'))]",
        "network_LB_Public_NatRule_SSH_vm_PublicPort": "50101",

        "network_LB_Public_Name2": "publicLB2",
        "network_LB_Public_Id2": "[resourceId('Microsoft.Network/loadBalancers',variables('network_LB_Public_Name2'))]",
        "network_LB_Public_FEName2": "publicLBFE2",
        "network_LB_Public_FEId2": "[concat(variables('network_LB_Public_Id2'),'/frontendIPConfigurations/',variables('network_LB_Public_FEName2'))]",
        "network_LB_Public_BEName2": "publicLBBE2",
        "network_LB_Public_BEId2": "[concat(variables('network_LB_Public_Id2'),'/backendIPConfigurations/',variables('network_LB_Public_FEName2'))]",
        "network_LB_Public_BEPoolName2": "publicLBBEPool2",
        "network_LB_Public_BEPoolId2": "[concat(variables('network_LB_Public_Id2'),'/backendAddressPools/',variables('network_LB_Public_BEPoolName2'))]",

        "network_LB_Public_NatRule_SSH_vm_Name2": "fg1SSHNat2",
        "network_LB_Public_NatRule_SSH_vm_Id2": "[concat(variables('network_LB_Public_Id2'),'/inboundNatRules/',variables('network_LB_Public_NatRule_SSH_vm_Name2'))]",
        "network_LB_Public_NatRule_SSH_vm_PublicPort2": "50101",
                
        "network_PIP_Reserved_Name": "goliveARMPIP",
        "network_PIP_Reserved_Id": "[resourceId('Microsoft.Network/publicIPAddresses',variables('network_PIP_Reserved_Name'))]",
        "network_PIP_Reserved_FQDN": "golivereservedip",

        "network_PIP_Reserved_Name2": "[parameters('existingRIPName')]",
        "network_PIP_Reserved_Id2": "[concat('/subscriptions/',parameters('existingRIPSubId'),'/resourceGroups/',parameters('existingRIPResourceGroupName'),'/providers/Microsoft.Network/publicIPAddresses/',parameters('existingRIPName'))]",
        "network_PIP_Reserved_FQDN2": "golivereservedip2"
        
    },
    "resources": [        
        {
            "type": "Microsoft.Network/publicIPAddresses",
            "name": "[variables('network_PIP_Reserved_Name')]",
            "apiVersion": "2015-06-15",
            "location": "[resourceGroup().location]",
            "properties": {
                "publicIPAllocationMethod": "Static",
                "dnsSettings": {
                    "domainNameLabel": "[variables('network_PIP_Reserved_FQDN')]"
                }
            }
        },
        {
            "type": "Microsoft.Network/loadBalancers",
            "name": "[variables('network_LB_Public_Name')]",
            "apiVersion": "2015-06-15",
            "location": "[resourceGroup().location]",
            "dependsOn": [
                "[variables('network_PIP_Reserved_Id')]"
            ],
            "properties": {
                "frontendIPConfigurations": [
                    {
                        "name": "[variables('network_LB_Public_FEName')]",
                        "properties": {
                            "publicIPAddress": {
                                "id": "[variables('network_PIP_Reserved_Id')]"
                            }
                        }
                    }
                ],
                "backendAddressPools": [
                    {
                        "name": "[variables('network_LB_Public_BEPoolName')]"
                    }
                ],
                "inboundNatRules": [
                    {
                        "name": "[variables('network_LB_Public_NatRule_SSH_vm_Name')]",
                        "properties": {
                            "frontendIPConfiguration": {
                                "id": "[variables('network_LB_Public_FEId')]"
                            },
                            "protocol": "tcp",
                            "frontendPort": "[variables('network_LB_Public_NatRule_SSH_vm_PublicPort')]",
                            "backendPort": 22,
                            "enableFloatingIP": false
                        }
                    }
                ]
            }
        },
        {
            "type": "Microsoft.Network/loadBalancers",
            "name": "[variables('network_LB_Public_Name2')]",
            "apiVersion": "2015-06-15",
            "location": "[resourceGroup().location]",
            "properties": {
                "frontendIPConfigurations": [
                    {
                        "name": "[variables('network_LB_Public_FEName2')]",
                        "properties": {
                            "publicIPAddress": {
                                "id": "[variables('network_PIP_Reserved_Id2')]"
                            }
                        }
                    }
                ],
                "backendAddressPools": [
                    {
                        "name": "[variables('network_LB_Public_BEPoolName2')]"
                    }
                ],
                "inboundNatRules": [
                    {
                        "name": "[variables('network_LB_Public_NatRule_SSH_vm_Name2')]",
                        "properties": {
                            "frontendIPConfiguration": {
                                "id": "[variables('network_LB_Public_FEId2')]"
                            },
                            "protocol": "tcp",
                            "frontendPort": "[variables('network_LB_Public_NatRule_SSH_vm_PublicPort2')]",
                            "backendPort": 22,
                            "enableFloatingIP": false
                        }
                    }
                ]
            }
        }
    ]    
}
