{
    "$schema": "http://schema.management.azure.com/schemas/2015-01-01/deploymentTemplate.json#",
    "contentVersion": "1.0.0.0",
    "parameters": {
        "endpointName": {
            "type": "string",
            "metadata": {
                "description": "Give a unique name that will be used to create the web endpoint for your Logic app. As this is used in a DNS name it must be globally unique."
            }
        },
        "slackChannel": {
            "type": "string",
            "metadata": {
                "description": "Which #channel you want to post to. Be sure to include the \"#\"."
            }
        }
    },
    "variables": {},
    "resources": [
        {
            "type": "Microsoft.Web/serverfarms",
            "apiVersion": "2015-04-01",
            "name": "[parameters('endpointName')]",
            "location": "[resourceGroup().location]",
            "properties": {
                "sku": "Free",
                "workerSize": "0"
            }
        },
        {
            "type": "Microsoft.Web/sites",
            "apiVersion": "2015-04-01",
            "name": "[concat(parameters('endpointName'),'gateway')]",
            "location": "[resourceGroup().location]",
            "kind": "gateway",
            "resources": [
                {
                    "type": "providers/links",
                    "apiVersion": "2015-01-01",
                    "name": "Microsoft.Resources/gateway",
                    "dependsOn": [
                        "[resourceId('Microsoft.Web/sites', concat(parameters('endpointName'), 'gateway'))]"
                    ],
                    "properties": {
                        "targetId": "[resourceId('Microsoft.AppService/gateways', concat(parameters('endpointName'), 'gateway'))]"
                    }
                }
            ],
            "dependsOn": [
                "[resourceId('Microsoft.Web/serverfarms', parameters('endpointName'))]"
            ],
            "properties": {
                "gatewaySiteName": "[concat(parameters('endpointName'),'gateway')]",
                "serverFarmId": "[resourceId('Microsoft.Web/serverfarms', parameters('endpointName'))]",
                "siteConfig": {
                    "appSettings": [
                        {
                            "name": "ApiAppsGateway_EXTENSION_VERSION",
                            "value": "latest"
                        },
                        {
                            "name": "EmaStorage",
                            "value": "D:\\home\\data\\apiapps"
                        },
                        {
                            "name": "WEBSITE_START_SCM_ON_SITE_CREATION",
                            "value": "1"
                        }
                    ]
                }
            }
        },
        {
            "type": "Microsoft.AppService/gateways",
            "apiVersion": "2015-03-01-preview",
            "name": "[concat(parameters('endpointName'),'gateway')]",
            "location": "[resourceGroup().location]",
            "resources": [
                {
                    "type": "providers/links",
                    "apiVersion": "2015-01-01",
                    "name": "Microsoft.Resources/gatewaySite",
                    "dependsOn": [
                        "[resourceId('Microsoft.AppService/gateways', concat(parameters('endpointName'),'gateway'))]"
                    ],
                    "properties": {
                        "targetId": "[resourceId('Microsoft.Web/sites', concat(parameters('endpointName'),'gateway'))]"
                    }
                },
                {
                    "type": "tokens",
                    "apiVersion": "2015-03-01-preview",
                    "location": "[resourceGroup().location]",
                    "name": "AlertLogicApp",
                    "dependsOn": [
                        "[resourceId('Microsoft.AppService/gateways', concat(parameters('endpointName'),'gateway'))]"
                    ]
                }
            ],
            "dependsOn": [
                "[resourceId('Microsoft.Web/sites', concat(parameters('endpointName'),'gateway'))]"
            ],
            "properties": {
                "host": {
                    "resourceName": "[concat(parameters('endpointName'),'gateway')]"
                }
            }
        },
        {
            "type": "Microsoft.Web/sites",
            "apiVersion": "2015-04-01",
            "name": "[concat(parameters('endpointName'),'httplistener')]",
            "location": "[resourceGroup().location]",
            "kind": "apiApp",
            "tags": {
                "packageId": "HTTPListener"
            },
            "resources": [
                {
                    "type": "siteextensions",
                    "apiVersion": "2015-02-01",
                    "name": "HTTPListener",
                    "dependsOn": [
                        "[resourceId('Microsoft.Web/sites', concat(parameters('endpointName'),'httplistener'))]"
                    ],
                    "properties": {
                        "type": "WebRoot",
                        "feed_url": "http://apiapps-preview.nuget.org/api/v2/",
                        "version": "0.0.651"
                    }
                },
                {
                    "type": "providers/links",
                    "apiVersion": "2015-01-01",
                    "name": "Microsoft.Resources/apiApp",
                    "dependsOn": [
                        "[resourceId('Microsoft.Web/sites', concat(parameters('endpointName'),'httplistener'))]"
                    ],
                    "properties": {
                        "targetId": "[resourceId('Microsoft.AppService/apiapps', concat(parameters('endpointName'),'httplistener'))]"
                    }
                }
            ],
            "dependsOn": [
                "[resourceId('Microsoft.Web/serverfarms', parameters('endpointName'))]",
                "[resourceId('Microsoft.AppService/gateways', concat(parameters('endpointName'),'gateway'))]"
            ],
            "properties": {
                "gatewaySiteName": "[concat(parameters('endpointName'),'gateway')]",
                "serverFarmId": "[parameters('endpointName')]",
                "siteConfig": {
                    "appSettings": [
                        {
                            "name": "EMA_MicroserviceId",
                            "value": "[concat(parameters('endpointName'),'httplistener')]"
                        },
                        {
                            "name": "EMA_Secret",
                            "value": "e90a052c266ecbcff6870c8c89780ee02d628c923dc1e2bbb91103062fa976ae"
                        },
                        {
                            "name": "EMA_RuntimeUrl",
                            "value": "[concat('https://', reference(resourceId('Microsoft.Web/sites', concat(parameters('endpointName'),'gateway'))).hostNames[0])]"
                        },
                        {
                            "name": "WEBSITE_START_SCM_ON_SITE_CREATION",
                            "value": "1"
                        },
                        {
                            "name": "AutoResponse",
                            "value": "true"
                        }
                    ]
                }
            }
        },
        {
            "type": "Microsoft.AppService/apiapps",
            "apiVersion": "2015-03-01-preview",
            "name": "[concat(parameters('endpointName'),'httplistener')]",
            "location": "[resourceGroup().location]",
            "resources": [
                {
                    "type": "providers/links",
                    "apiVersion": "2015-01-01",
                    "name": "Microsoft.Resources/apiAppSite",
                    "dependsOn": [
                        "[resourceId('Microsoft.AppService/apiapps', concat(parameters('endpointName'),'httplistener'))]"
                    ],
                    "properties": {
                        "targetId": "[resourceId('Microsoft.Web/sites', concat(parameters('endpointName'),'httplistener'))]"
                    }
                }
            ],
            "dependsOn": [
                "[resourceId('Microsoft.Web/sites/siteextensions', concat(parameters('endpointName'),'httplistener'), 'HTTPListener')]"
            ],
            "properties": {
                "package": {
                    "id": "HTTPListener"
                },
                "accessLevel": "PublicAnonymous",
                "host": {
                    "resourceName": "[concat(parameters('endpointName'),'httplistener')]"
                },
                "gateway": {
                    "resourceName": "[concat(parameters('endpointName'),'gateway')]"
                }
            }
        },
        {
            "type": "Microsoft.Web/sites",
            "apiVersion": "2015-04-01",
            "name": "[concat(parameters('endpointName'),'slack')]",
            "location": "[resourceGroup().location]",
            "kind": "apiApp",
            "tags": {
                "packageId": "SlackConnector"
            },
            "resources": [
                {
                    "type": "siteextensions",
                    "apiVersion": "2015-02-01",
                    "name": "SlackConnector",
                    "dependsOn": [
                        "[resourceId('Microsoft.Web/sites', concat(parameters('endpointName'),'slack'))]"
                    ],
                    "properties": {
                        "type": "WebRoot",
                        "feed_url": "http://apiapps-preview.nuget.org/api/v2/",
                        "version": "0.0.587"
                    }
                },
                {
                    "type": "providers/links",
                    "apiVersion": "2015-01-01",
                    "name": "Microsoft.Resources/apiApp",
                    "dependsOn": [
                        "[resourceId('Microsoft.Web/sites', concat(parameters('endpointName'),'slack'))]"
                    ],
                    "properties": {
                        "targetId": "[resourceId('Microsoft.AppService/apiapps', concat(parameters('endpointName'),'slack'))]"
                    }
                }
            ],
            "dependsOn": [
                "[resourceId('Microsoft.Web/serverfarms', parameters('endpointName'))]",
                "[resourceId('Microsoft.AppService/gateways', concat(parameters('endpointName'),'gateway'))]"
            ],
            "properties": {
                "gatewaySiteName": "[concat(parameters('endpointName'),'gateway')]",
                "serverFarmId": "[parameters('endpointName')]",
                "siteConfig": {
                    "appSettings": [
                        {
                            "name": "EMA_MicroserviceId",
                            "value": "[concat(parameters('endpointName'),'slack')]"
                        },
                        {
                            "name": "EMA_Secret",
                            "value": "e90a052c266ecbcff6870c8c89780ee02d628c923dc1e2bbb91103062fa976ae"
                        },
                        {
                            "name": "EMA_RuntimeUrl",
                            "value": "[concat('https://', reference(resourceId('Microsoft.Web/sites', concat(parameters('endpointName'),'gateway'))).hostNames[0])]"
                        },
                        {
                            "name": "WEBSITE_START_SCM_ON_SITE_CREATION",
                            "value": "1"
                        }
                    ]
                }
            }
        },
        {
            "type": "Microsoft.AppService/apiapps",
            "apiVersion": "2015-03-01-preview",
            "name": "[concat(parameters('endpointName'),'slack')]",
            "location": "[resourceGroup().location]",
            "resources": [
                {
                    "type": "providers/links",
                    "apiVersion": "2015-01-01",
                    "name": "Microsoft.Resources/apiAppSite",
                    "dependsOn": [
                        "[resourceId('Microsoft.AppService/apiapps', concat(parameters('endpointName'),'slack'))]"
                    ],
                    "properties": {
                        "targetId": "[resourceId('Microsoft.Web/sites', concat(parameters('endpointName'),'slack'))]"
                    }
                }
            ],
            "dependsOn": [
                "[resourceId('Microsoft.Web/sites/siteextensions', concat(parameters('endpointName'),'slack'), 'SlackConnector')]"
            ],
            "properties": {
                "package": {
                    "id": "SlackConnector"
                },
                "host": {
                    "resourceName": "[concat(parameters('endpointName'),'slack')]"
                },
                "gateway": {
                    "resourceName": "[concat(parameters('endpointName'),'gateway')]"
                }
            }
        },
        {
            "type": "Microsoft.Logic/workflows",
            "apiVersion": "2015-02-01-preview",
            "name": "[parameters('endpointName')]",
            "location": "[resourceGroup().location]",
            "dependsOn": [
                "[resourceId('Microsoft.AppService/apiApps', concat(parameters('endpointName'),'httplistener'))]",
                "[resourceId('Microsoft.AppService/apiApps', concat(parameters('endpointName'),'slack'))]"
            ],
            "properties": {
                "sku": {
                    "name": "Standard",
                    "plan": {
                        "id": "[concat(resourceGroup().id, '/providers/Microsoft.Web/serverfarms/',parameters('endpointName'))]"
                    }
                },
                "definition": {
                    "$schema": "http://schema.management.azure.com/providers/Microsoft.Logic/schemas/2014-12-01-preview/workflowdefinition.json#",
                    "contentVersion": "1.0.0.0",
                    "parameters": {
                        "token": {
                            "defaultValue": "[reference(resourceId('Microsoft.AppService/gateways/tokens', concat(parameters('endpointName'), 'gateway'), 'AlertLogicApp')).token]",
                            "type": "String",
                            "metadata": {
                                "token": {
                                    "name": "token"
                                }
                            }
                        }
                    },
                    "triggers": {
                        "httplistener": {
                            "type": "ApiApp",
                            "inputs": {
                                "apiVersion": "2015-01-14",
                                "host": {
                                    "id": "[concat(resourceGroup().id, '/providers/Microsoft.AppService/apiApps/',concat(parameters('endpointName'),'httplistener'))]",
                                    "gateway": "[concat('https://', reference(resourceId('Microsoft.Web/sites', concat(parameters('endpointName'), 'gateway'))).hostNames[0])]"
                                },
                                "operation": "Trigger",
                                "parameters": {
                                    "triggerId": "@workflow().name",
                                    "parameters": {
                                        "callbackUrl": "@accessKeys('default').primary.secretRunUri",
                                        "inputs": {
                                            "HttpMethod": "Post"
                                        }
                                    }
                                },
                                "authentication": {
                                    "type": "Raw",
                                    "scheme": "Zumo",
                                    "parameter": "@parameters('token')"
                                }
                            },
                            "recurrence": {
                                "frequency": "Hour",
                                "interval": 1
                            },
                            "conditions": [
                                {
                                    "expression": "@bool('false')"
                                }
                            ]
                        }
                    },
                    "actions": {
                        "http": {
                            "type": "Http",
                            "inputs": {
                                "method": "POST",
                                "uri": "https://www.googleapis.com/urlshortener/v1/url?key=AIzaSyBkT1BRbA-uULHz8HMUAi0ywJtpNLXHShI",
                                "headers": {
                                    "Content-Type": "application/json"
                                },
                                "body": {
                                    "longUrl": "@{parse(triggerBody().Content).context.portalLink}"
                                }
                            },
                            "conditions": [
                                {
                                    "expression": "@equals(parameters('token'),triggerBody().QueryParameters.token)"
                                }
                            ]
                        },
                        "slackconnector": {
                            "type": "ApiApp",
                            "inputs": {
                                "apiVersion": "2015-01-14",
                                "host": {
                                    "id": "[concat(resourceGroup().id, '/providers/Microsoft.AppService/apiApps/',concat(parameters('endpointName'),'slack'))]",
                                    "gateway": "[concat('https://', reference(resourceId('Microsoft.Web/sites', concat(parameters('endpointName'), 'gateway'))).hostNames[0])]"
                                },
                                "operation": "PostMessage",
                                "parameters": {
                                    "input": {
                                        "Text": "Azure Alert - '@{parse(triggerBody().Content).context.name}' @{toUpper(parse(triggerBody().Content).status)} on '@{parse(triggerBody().Content).context.resourceName}'. Details: @{body('http').id}",
                                        "Channel": "[parameters('slackChannel')]"
                                    }
                                }
                            },
                            "conditions": []
                        }
                    },
                    "outputs": {}
                },
                "parameters": {}
            }
        }
    ],
    "outputs": {
        "webhookURI": {
            "type": "string",
            "value": "[concat('https://', reference(resourceId('Microsoft.Web/sites', concat(parameters('endpointName'), 'httplistener'))).hostNames[0],'?token=', reference(resourceId('Microsoft.AppService/gateways/tokens', concat(parameters('endpointName'), 'gateway'), 'AlertLogicApp')).token )]"
        }
    }
}