{
  "itemDisplayName": "Alert to Slack with Logic app",
  "description": "This template allows you to create a Logic app that has a webhook to be used from an Azure Alert. When the Alert is triggered, it will post a message to a slack channel that you specify. It uses the go.gl URL shortening service to include a link to the portal to see the resource. You need to have a slack account to use this template.",
  "summary": "Logic app that posts a message to a slack channel when an alert fires",
  "githubUsername": "stepsic_microsoft_com",
  "dateUpdated": "2015-09-12"
}
