{
    "$schema": "https://schema.management.azure.com/schemas/2015-01-01/deploymentTemplate.json#",
    "contentVersion": "1.0.0.0",
    "parameters": {
        "adminUsername": {
            "type": "string",
            "metadata": {
               "description": "Username for the Virtual Machine."
            }
        },
        "adminPassword": {
            "type": "securestring",
            "metadata": {
                "description": "Password for the Virtual Machine."
            }
        },
        "dnsLabelPrefix": {
            "type": "string",
            "metadata": {
                  "description": "Unique DNS Name for the Public IP used to access the Virtual Machine."
            }
        },
        "windowsOSVersion": {
            "type": "string",
            "defaultValue": "2012-R2-Datacenter",
            "allowedValues": [
                "2008-R2-SP1",
                "2012-Datacenter",
                "2012-R2-Datacenter"
            ],
            "metadata": {
                "description": "The Windows version for the VM. This will pick a fully patched image of this given Windows version. Allowed values: 2008-R2-SP1, 2012-Datacenter, 2012-R2-Datacenter."
            }
        }
    },
    "variables": {
        "imagePublisher": "MicrosoftWindowsServer",
        "imageOffer": "WindowsServer",
        "OSDiskName": "osdiskforwindowssimple",
        "nicName": "myVMNic",
        "addressPrefix": "10.0.0.0/16",
        "subnetName": "Subnet",
        "subnetPrefix": "10.0.0.0/24",
        "storageAccountType": "Standard_LRS",
        "publicIPAddressName": "myPublicIP",
        "publicIPAddressType": "Dynamic",
        "vmStorageAccountContainerName": "vhds",
        "vmName": "MyWindowsVM",
        "vmSize": "Standard_A2",
        "virtualNetworkName": "MyVNET",
        "vnetID": "[resourceId('Microsoft.Network/virtualNetworks',variables('virtualNetworkName'))]",
        "subnetRef": "[concat(variables('vnetID'),'/subnets/',variables('subnetName'))]",
        "newStorageAccountName": "[concat(uniqueString(resourceGroup().id),'winrmsa')]",
        "apiVersion": "2015-06-15",
        "hostDNSNameScriptArgument": "[concat('*.',resourceGroup().location,'.cloudapp.azure.com')]"
    },
    "resources": [
        {
            "type": "Microsoft.Storage/storageAccounts",
            "name": "[variables('newStorageAccountName')]",
            "apiVersion": "[variables('apiVersion')]",
            "location": "[resourceGroup().location]",
            "properties": {
                "accountType": "[variables('storageAccountType')]"
            }
        },
        {
            "apiVersion": "[variables('apiVersion')]",
            "type": "Microsoft.Network/publicIPAddresses",
            "name": "[variables('publicIPAddressName')]",
            "location": "[resourceGroup().location]",
            "properties": {
                "publicIPAllocationMethod": "[variables('publicIPAddressType')]",
                "dnsSettings": {
                    "domainNameLabel": "[parameters('dnsLabelPrefix')]"
                }
            }
        },        
        {
            "apiVersion": "[variables('apiVersion')]",
            "type": "Microsoft.Network/virtualNetworks",
            "name": "[variables('virtualNetworkName')]",
            "location": "[resourceGroup().location]",
            "properties": {
                "addressSpace": {
                    "addressPrefixes": [
                        "[variables('addressPrefix')]"
                    ]
                },
                "subnets": [
                    {
                        "name": "[variables('subnetName')]",
                        "properties": {
                            "addressPrefix": "[variables('subnetPrefix')]"
                      }
                    }
                ]
            }
        },
        {
            "apiVersion": "[variables('apiVersion')]",
            "type": "Microsoft.Network/networkInterfaces",
            "name": "[variables('nicName')]",
            "location": "[resourceGroup().location]",
            "dependsOn": [
                "[concat('Microsoft.Network/publicIPAddresses/', variables('publicIPAddressName'))]",
                "[concat('Microsoft.Network/virtualNetworks/', variables('virtualNetworkName'))]"
            ],
            "properties": {
                "ipConfigurations": [
                    {
                        "name": "ipconfig1",
                        "properties": {
                            "privateIPAllocationMethod": "Dynamic",
                            "publicIPAddress": {
                                "id": "[resourceId('Microsoft.Network/publicIPAddresses',variables('publicIPAddressName'))]"
                            },
                            "subnet": {
                                "id": "[variables('subnetRef')]"
                            }
                        }
                    }
                ]
            }
        },
        {
            "apiVersion": "[variables('apiVersion')]",
            "type": "Microsoft.Compute/virtualMachines",
            "name": "[variables('vmName')]",
            "location": "[resourceGroup().location]",
            "dependsOn": [
                "[concat('Microsoft.Storage/storageAccounts/', variables('newStorageAccountName'))]",
                "[concat('Microsoft.Network/networkInterfaces/', variables('nicName'))]"
            ],
            "properties": {
                "hardwareProfile": {
                    "vmSize": "[variables('vmSize')]"
                },
                "osProfile": {
                    "computername": "[variables('vmName')]",
                    "adminUsername": "[parameters('adminUsername')]",
                    "adminPassword": "[parameters('adminPassword')]"
                },
                "storageProfile": {
                    "imageReference": {
                        "publisher": "[variables('imagePublisher')]",
                        "offer": "[variables('imageOffer')]",
                        "sku" : "[parameters('windowsOSVersion')]",
                        "version":"latest"
                    },
                   "osDisk" : {
                        "name": "osdisk",
                        "vhd": {
                            "uri": "[concat('http://',variables('newStorageAccountName'),'.blob.core.windows.net/',variables('vmStorageAccountContainerName'),'/',variables('OSDiskName'),'.vhd')]"
                        },
                        "caching": "ReadWrite",
                        "createOption": "FromImage"
                    }
                },
                "networkProfile": {
                    "networkInterfaces": [
                        {
                            "id": "[resourceId('Microsoft.Network/networkInterfaces',variables('nicName'))]"
                        }
                    ]
                }
            },
            "resources": [
              {
                  "type": "Microsoft.Compute/virtualMachines/extensions",
                  "name": "[concat(variables('vmName'),'/CustomScriptExtension')]",
                  "apiVersion": "[variables('apiVersion')]",
                  "location": "[resourceGroup().location]",
                  "dependsOn": [
                      "[concat('Microsoft.Compute/virtualMachines/', variables('vmName'))]"
                  ],
                  "properties": {
       	           "publisher": "Microsoft.Compute",
       	           "type": "CustomScriptExtension",
                     "typeHandlerVersion": "1.4",
                     "settings": {
						 "fileUris": [ 
									"https://raw.githubusercontent.com/Azure/azure-quickstart-templates/master/201-vm-winrm-windows/ConfigureWinRM.ps1",
									"https://raw.githubusercontent.com/Azure/azure-quickstart-templates/master/201-vm-winrm-windows/makecert.exe",
									"https://raw.githubusercontent.com/Azure/azure-quickstart-templates/master/201-vm-winrm-windows/winrmconf.cmd"
								],
						 "commandToExecute": "[concat('powershell -ExecutionPolicy Unrestricted -file ConfigureWinRM.ps1 ',variables('hostDNSNameScriptArgument'))]"
                     }
                 }
              }
            ]
        }
    ]
}
