{
    "$schema": "http://schema.management.azure.com/schemas/2015-01-01/deploymentParameters.json#",
    "contentVersion": "1.0.0.0",
    "parameters": {
        "vmName": {
            "value": "vmName"
        },
        "existingStorageAccountName": {
            "value": "uniqueStorageAccount"
        },
        "osVhdUri": {
            "value": "storageUri"
        },
        "osType": {
            "value": "Windows"
        },

        "virtualNetworkName": {
            "value": "uniqueVnet"
        },
        "subnetName": {
            "value": "Subnet"
        },
        "vmSize": {
            "value": "Standard_D2"
        },
        "keyVaultResourceID": {
            "value": "armResourceId"
        },

        "keyVaultSecretUrl": {
            "value": "kvSecretUrl"
        },
        "useExistingKek": {
            "value": "nokek"
        },
        "keyVaultKekUrl": {
            "value": "kvKekUrl"
        }
    }
}
