{
    "$schema": "https://schema.management.azure.com/schemas/2015-01-01/deploymentTemplate.json#",
    "contentVersion": "1.0.0.0",
    "parameters": {
        "vmName": {
            "type": "string",
            "metadata": {
                "description": "Name of the Virtual Machine"
            }
        },
        "existingStorageAccountName": {
            "type": "string",
            "metadata": {
                "description": "Storage account name"
            }
        },
        "osVhdUri": {
            "type": "string",
            "metadata": {
                "description": "URI of OS vhd. Ex: https://contosostorage.blob.core.windows.net/vhds/windowsvm.vhd"
            }
        },
        "osType": {
            "type": "string",
            "defaultValue": "Windows",
            "allowedValues": [
                "Windows",
                "Linux"
            ],
            "metadata": {
                "description": "OS product type"
            }
        },
        "virtualNetworkName": {
            "type": "string",
            "metadata": {
                "description": "Virtual network name"
            }
        },
        "subnetName": {
            "type": "string",
            "metadata": {
                "description": "Subnet name"
            }
        },
        "vmSize": {
            "type": "string",
            "defaultValue": "Standard_D2",
            "metadata": {
                "description": "VM size"
            }
        },
        "keyVaultResourceID": {
            "type": "string",
            "metadata": {
                "description": "KeyVault resource id. Ex: /subscriptions/subscriptionid/resourceGroups/contosorg/providers/Microsoft.KeyVault/vaults/contosovault"
            }
        },
        "keyVaultSecretUrl": {
            "type": "string",
            "metadata": {
                "description": "KeyVault secret Url. Ex: https://contosovault.vault.azure.net/secrets/contososecret/e088818e865e48488cf363af16dea596"
            }
        },
        "useExistingKek": {
            "type": "string",
            "defaultValue": "nokek",
            "allowedValues": [
                "nokek",
                "kek"
            ],
            "metadata": {
                "description": "Select kek if the secret is encrypted with a key encryption key and pass explicit keyVaultKekUrl. For nokek, you can keep keyVaultKekUrl empty."
            }
        },
        "keyVaultKekUrl": {
            "type": "string",
            "defaultValue": "",
            "metadata": {
                "description": "KeyVault key encryption key Url. Ex: https://contosovault.vault.azure.net/keys/contosokek/562a4bb76b524a1493a6afe8e536ee78"
            }
        }
    },
    "variables": {
        "vnetID": "[resourceId('Microsoft.Network/virtualNetworks',parameters('virtualNetworkName'))]",
        "subnetRef": "[concat(variables('vnetID'),'/subnets/',parameters('subnetName'))]",
        "dnsNameForPublicIP": "[toLower(parameters('vmName'))]",
        "nicName": "[toLower(concat('nic',parameters('vmName')))]",
        "publicIPAddressName": "[toLower(concat('publicIP',parameters('vmName')))]",
        "publicIPAddressType": "Dynamic",
        "setupVmUrl": "[concat('https://raw.githubusercontent.com/azure/azure-quickstart-templates/master/201-encrypt-create-pre-encrypted-vm/setupvm-',parameters('useExistingKek'),'.json')]"
    },
    "resources": [
        {
            "apiVersion": "2015-06-15",
            "type": "Microsoft.Network/publicIPAddresses",
            "name": "[variables('publicIPAddressName')]",
            "location": "[resourceGroup().location]",
            "properties": {
                "publicIPAllocationMethod": "[variables('publicIPAddressType')]",
                "dnsSettings": {
                    "domainNameLabel": "[variables('dnsNameForPublicIP')]"
                }
            }
        },
        {
            "apiVersion": "2015-06-15",
            "type": "Microsoft.Network/networkInterfaces",
            "name": "[variables('nicName')]",
            "location": "[resourceGroup().location]",
            "dependsOn": [
                "[concat('Microsoft.Network/publicIPAddresses/', variables('publicIPAddressName'))]"
            ],
            "properties": {
                "ipConfigurations": [
                    {
                        "name": "ipconfig1",
                        "properties": {
                            "privateIPAllocationMethod": "Dynamic",
                            "publicIPAddress": {
                                "id": "[resourceId('Microsoft.Network/publicIPAddresses',variables('publicIPAddressName'))]"
                            },
                            "subnet": {
                                "id": "[variables('subnetRef')]"
                            }
                        }
                    }
                ]
            }
        },
        {
            "name": "setupvmprofile",
            "type": "Microsoft.Resources/deployments",
            "apiVersion": "2015-01-01",
            "dependsOn": [
                "[concat('Microsoft.Network/networkInterfaces/', variables('nicName'))]"
            ],
            "properties": {
                "mode": "Incremental",
                "templateLink": {
                    "uri": "[variables('setupVmUrl')]",
                    "contentVersion": "1.0.0.0"
                },
                "parameters": {
                    "vmName": {
                        "value": "[parameters('vmName')]"
                    },
                    "existingStorageAccountName": {
                        "value": "[parameters('existingStorageAccountName')]"
                    },
                    "osVhdUri": {
                        "value": "[parameters('osVhdUri')]"
                    },
                    "osType": {
                        "value": "[parameters('osType')]"
                    },
                    "vmSize": {
                        "value": "[parameters('vmSize')]"
                    },
                    "keyVaultResourceID": {
                        "value": "[parameters('keyVaultResourceID')]"
                    },
                    "keyVaultSecretUrl": {
                        "value": "[parameters('keyVaultSecretUrl')]"
                    },
                    "keyVaultKekUrl": {
                        "value": "[parameters('keyVaultKekUrl')]"
                    }
                }

            }
        }
    ]
}
