{
  "itemDisplayName": "2 VMs in a Load Balancer and configure NAT rules on the LB",
  "description": "This template allows you to create 2 Virtual Machines in an Availability Set and configure NAT rules through the load balancer. This template also deploys a Storage Account, Virtual Network, Public IP address and Network Interfaces. In this template, we use the resource loops capability to create the network interfaces and virtual machines",
  "summary": "2 VMs in a Load Balancer and NAT rules",
  "githubUsername": "mahthi",
  "dateUpdated": "2015-11-20"
}
