{
  "$schema": "https://schema.management.azure.com/schemas/2015-01-01/deploymentTemplate.json#",
  "contentVersion": "1.0.0.0",
  "parameters": {
    "dnsLabelPrefix": {
      "type": "string",
      "metadata": {
        "description": "Unique public DNS prefix for the deployment. The fqdn will look something like '<dnsname>.westus.cloudapp.azure.com'. Up to 62 chars, digits or dashes, lowercase, should start with a letter: must conform to '^[a-z][a-z0-9-]{1,61}[a-z0-9]$'."
      }
    },
    "vmName": {
      "type": "string",
      "defaultValue": "vm",
      "metadata": {
        "description": "The name of the VM"
      }
    },
    "adminUsername": {
      "type": "string",
      "defaultValue": "cloudguy",
      "metadata": {
        "description": "The name of the administrator of the new VM. Exclusion list: 'admin','administrator'"
      }
    },
    "adminPassword": {
      "type": "securestring",
      "metadata": {
        "description": "The password for the administrator account of the new VM"
      }
    },
    "rdpPort": {
      "type": "int",
      "defaultValue": 50001,
      "metadata": {
        "description": "Public port number for RDP"
      }
    }
  },
  "variables": {
    "storageAccountName": "[concat(uniquestring(resourceGroup().id), 'sardpvm')]",
    "location": "[resourceGroup().location]",
    "virtualNetworkName": "rdpVNET",
    "vnetAddressRange": "10.0.0.0/16",
    "subnetAddressRange": "10.0.0.0/24",
    "subnetName": "Subnet",
    "subnet-id": "[concat(resourceId('Microsoft.Network/virtualNetworks', variables('virtualNetworkName')),'/subnets/',variables('subnetName'))]",
    "imagePublisher": "MicrosoftWindowsServer",
    "imageOffer": "WindowsServer",
    "imageSku": "2012-R2-Datacenter",
    "apiVersion": "2015-06-15"
  },
  "resources": [
    {
      "apiVersion": "[variables('apiVersion')]",
      "type": "Microsoft.Network/publicIPAddresses",
      "name": "publicIp",
      "location": "[variables('location')]",
      "properties": {
        "publicIPAllocationMethod": "Dynamic",
        "dnsSettings": {
          "domainNameLabel": "[parameters('dnsLabelPrefix')]"
        }
      }
    },
    {
      "apiVersion": "[variables('apiVersion')]",
      "type": "Microsoft.Storage/storageAccounts",
      "name": "[variables('storageAccountName')]",
      "location": "[variables('location')]",
      "properties": {
        "accountType": "Standard_LRS"
      }
    },
    {
      "apiVersion": "[variables('apiVersion')]",
      "type": "Microsoft.Network/virtualNetworks",
      "name": "[variables('virtualNetworkName')]",
      "location": "[variables('location')]",
      "properties": {
        "addressSpace": {
          "addressPrefixes": [
            "[variables('vnetAddressRange')]"
          ]
        },
        "subnets": [
          {
            "name": "Subnet",
            "properties": {
              "addressPrefix": "[variables('subnetAddressRange')]"
            }
          }
        ]
      }
    },
    {
      "apiVersion": "[variables('apiVersion')]",
      "name": "loadBalancer",
      "type": "Microsoft.Network/loadBalancers",
      "location": "[variables('location')]",
      "dependsOn": [
        "Microsoft.Network/publicIPAddresses/publicIp"
      ],
      "properties": {
        "frontendIPConfigurations": [
          {
            "name": "LBFE",
            "properties": {
              "publicIPAddress": {
                "id": "[resourceId('Microsoft.Network/publicIPAddresses','publicIp')]"
              }
            }
          }
        ],
        "backendAddressPools": [
          {
            "name": "LBBAP"
          }
        ],
        "inboundNatRules": [
          {
            "name": "rdp",
            "properties": {
              "frontendIPConfiguration": {
                "id": "[concat(resourceId('Microsoft.Network/loadBalancers','loadBalancer'),'/frontendIPConfigurations/LBFE')]"
              },
              "protocol": "tcp",
              "frontendPort": "[parameters('rdpPort')]",
              "backendPort": 3389,
              "enableFloatingIP": false
            }
          }
        ]
      }
    },
    {
      "apiVersion": "[variables('apiVersion')]",
      "type": "Microsoft.Network/networkInterfaces",
      "name": "[concat(parameters('vmName'),'-nic')]",
      "location": "[variables('location')]",
      "dependsOn": [
        "[concat('Microsoft.Network/virtualNetworks/', variables('virtualNetworkName'))]",
        "Microsoft.Network/loadBalancers/loadBalancer"
      ],
      "properties": {
        "ipConfigurations": [
          {
            "name": "ipconfig",
            "properties": {
              "privateIPAllocationMethod": "Dynamic",
              "subnet": {
                "id": "[variables('subnet-id')]"
              },
              "loadBalancerBackendAddressPools": [
                {
                  "id": "[concat(resourceId('Microsoft.Network/loadBalancers','loadBalancer'),'/backendAddressPools/LBBAP')]"
                }
              ],
              "loadBalancerInboundNatRules": [
                {
                  "id": "[concat(resourceId('Microsoft.Network/loadBalancers','loadBalancer'),'/inboundNatRules/rdp')]"
                }
              ]
            }
          }
        ]
      }
    },
    {
      "apiVersion": "[variables('apiVersion')]",
      "type": "Microsoft.Compute/virtualMachines",
      "name": "vm",
      "location": "[variables('location')]",
      "dependsOn": [
        "[resourceId('Microsoft.Storage/storageAccounts',variables('storageAccountName'))]",
        "[concat('Microsoft.Network/networkInterfaces/',parameters('vmName'),'-nic')]"
      ],
      "properties": {
        "hardwareProfile": {
          "vmSize": "Standard_D2"
        },
        "osProfile": {
          "computerName": "[parameters('vmName')]",
          "adminUsername": "[parameters('adminUserName')]",
          "adminPassword": "[parameters('adminPassword')]"
        },
        "storageProfile": {
          "imageReference": {
            "publisher": "[variables('imagePublisher')]",
            "offer": "[variables('imageOffer')]",
            "sku": "[variables('imageSku')]",
            "version": "latest"
          },
          "osDisk": {
            "name": "osdisk",
            "vhd": {
              "uri": "[concat('http://',variables('storageAccountName'),'.blob.core.windows.net/vhds/',parameters('vmName'),'-osdisk.vhd')]"
            },
            "caching": "ReadWrite",
            "createOption": "FromImage"
          }
        },
        "networkProfile": {
          "networkInterfaces": [
            {
              "id": "[resourceId('Microsoft.Network/networkInterfaces',concat(parameters('vmName'),'-nic'))]"
            }
          ]
        },
        "diagnosticsProfile": {
          "bootDiagnostics": {
             "enabled": "true",
             "storageUri": "[concat('http://',variables('storageAccountName'),'.blob.core.windows.net')]"
          }
        }
      }
    }
  ]
}
