{
  "$schema": "http://schema.management.azure.com/schemas/2015-01-01/deploymentParameters.json#",
  "contentVersion": "1.0.0.0",
  "parameters": {
    "newStorageAccountName": {
      "value": "changeme"
    },
    "dnsNameForPublicIP": {
      "value": "changeme"
    },
    "adminUsername": {
      "value": "changeme"
    },
    "adminPassword": {
      "value": "changeme"
    },
    "location": {
      "value": "West US"
    },
    "vmSize": {
      "value": "Standard_A2"
    },
    "vmName": {
      "value": "changeme"
    },
    "vaultName": {
      "value": "changeme"
    },
    "vaultResourceGroup": {
      "value": "changeme"
    },
    "certificateUrl": {
      "value": "changeme"
    }
  }
}