{
  "$schema": "http://schema.management.azure.com/schemas/2015-01-01/deploymentTemplate.json#",
  "contentVersion": "1.0.0.0",
  "parameters": {
    "newLabName": {
      "type": "string",
      "metadata": {
        "description": "The name of the new lab instance to be created"
      }
    }
  },
  "resources": [
    {
      "apiVersion": "2015-05-21-preview",
      "type": "Microsoft.DevTestLab/labs",
      "name": "[parameters('newLabName')]",
      "location": "[resourceGroup().location]"
    }
  ],
  "outputs": {
    "labId": {
      "type": "string",
      "value": "[resourceId('Microsoft.DevTestLab/labs', parameters('newLabName'))]"
    }
  }
}
