{
  "itemDisplayName": "Create a Logic App plus API app using a template",
  "description": "This template creates a logic app with an App Service API app. You can use the logic app to design workflows that articulate intent through a trigger and a series of steps, each invoking the API app while securely taking care of authentication and best practices like durable execution.",
  "summary": "Create a Logic App plus API app using a template.",
  "githubUsername": "tfitzmac",
  "dateUpdated": "2015-06-22"
}
