{
  "$schema": "http://schema.management.azure.com/schemas/2015-01-01/deploymentTemplate.json#",
  "contentVersion": "1.0.0.0",
  "parameters": {
    "newVMName": {
      "type": "string",
      "metadata": {
        "description": "The name of the new vm to be created."
      }
    },
    "existingLabName": {
      "type": "string",
      "metadata": {
        "description": "The name of an existing lab where the new vm will be created."
      }
    },
    "existingLabResourceGroupName": {
      "type": "string",
      "metadata": {
        "description": "The resource group name of an existing lab (identified via the 'existingLabName' parameter) in which the new vm will be created."
      }
    },
    "existingVMTemplateName": {
      "type": "string",
      "metadata": {
        "description": "The name of an existing vm template which will be used to create the new vm. The specified vm template must exist in the lab (identified via the 'existingLabName' parameter)."
      }
    },
    "newVMSize": {
      "type": "string",
      "metadata": {
        "description": "The size of the new vm to be created."
      }
    },
    "userName": {
      "type": "string",
      "metadata": {
        "description": "The username for the local account that will be created on the new vm."
      }
    },
    "sshKey": {
      "type": "securestring",
      "metadata": {
        "description": "The SSH key for the local account that will be created on the new vm."
      }
    }
  },
  "resources": [
    {
      "apiVersion": "2015-05-21-preview",
      "type": "Microsoft.DevTestLab/environments",
      "name": "[parameters('newVMName')]",
      "location": "[resourceGroup().location]",
      "properties": {
        "labId": "[resourceId(parameters('existingLabResourceGroupName'), 'Microsoft.DevTestLab/labs', parameters('existingLabName'))]",
        "vms": [
          {
            "name": "[parameters('newVMName')]",
            "vmTemplateName": "[parameters('existingVMTemplateName')]",
            "size": "[parameters('newVMSize')]",
            "isAuthenticationWithSshKey": true,
            "userName": "[parameters('userName')]",
            "sshKey": "[parameters('useSshKey')]",
            "password": ""
          }
        ]
      }
    }
  ],
  "outputs": {
    "vmId": {
      "type": "string",
      "value": "[resourceId('Microsoft.DevTestLab/environments', parameters('newVMName'))]"
    }
  }
}
