{
  "$schema": "http://schema.management.azure.com/schemas/2015-01-01/deploymentParameters.json#",
  "contentVersion": "1.0.0.0",
  "parameters": {
    "newVMName": {
      "value": "MyVM1"
    },
    "existingLabName": {
      "value": "MyLab1"
    },
    "existingLabResourceGroupName": {
      "value": "MyLabRG1"
    },
    "existingVMTemplateName": {
      "value": "MyVMTemplate1"
    },
    "newVMSize": {
      "value": "Standard_A4"
    },
    "sshKey": {
      "value": "A valid SSH key"
    },
    "userName": {
      "value": "SomeAdmin"
    }
  }
}
