{
  "$schema": "http://schema.management.azure.com/schemas/2014-04-01-preview/deploymentTemplate.json#",
  "contentVersion": "1.0.0.0",
  "parameters": {
    "dataFactoryName": { "value": "adfTemplateSample" },
    "existingStorageAccountName": { "value": "dbstore123" },    
    "existingSqlServerUserName": { "value": "azure" },
    "existingSqlServerName": { "value": "dbServer123" },
    "existingTargetDatabaseName": { "value": "db_database" },
    "existingSqlServerPassword" :  {"value":  "changeMe"},
    "existingSourceContainer": { "value": "data" },
    "existingTargetSQLTable": { "value": "data" },
    "Location": { "value": "West US" }
  }
}
