{
    "$schema": "http://schema.management.azure.com/schemas/2015-01-01/deploymentTemplate.json",
    "contentVersion": "1.0.0.0",
    "parameters": {
        "adminUsername": {
            "type": "string",
            "metadata": {
                "description": "Admin username"
            }
        },
        "adminPassword": {
            "type": "securestring",
            "metadata": {
                "description": "Admin password"
            }
        },
        "dnsLabelPrefix": {
            "type": "string",
            "metadata": {
                "description": "Unique DNS Name for the Public IP used to access the Virtual Machine."
            }
        },
		 "PrimaryVmNamePrefix": {
            "type": "string",
            "defaultValue": "myVM",
			"metadata": {
				"description": "Virtual machine name prefix for primary vm instances"
			}
        },
        "SecondaryVmNamePrefix": {
            "type": "string",
            "defaultValue": "mytestVM",
			"metadata": {
				"description": "Virtual machine name prefix for secondary vm instances"
			}
        },
        "imageSKU": {
            "type": "string",
            "defaultValue": "2012-R2-Datacenter",
            "allowedValues": [
                "2012-Datacenter",
                "2012-R2-Datacenter"
            ],
            "metadata": {
                "description": "The Windows version for the VM. This will pick a fully patched image of this given Windows version. Allowed values: 2012-Datacenter, 2012-R2-Datacenter."
            }
        },
        "vmSize": {
            "type": "string",
            "defaultValue": "Standard_A1",
            "allowedValues": [
                "Standard_A0",
                "Standard_A1",
                "Standard_A2",
                "Standard_A3",
                "Standard_A4"
            ],
            "metadata": {
                "description": "Virtual machine size"
             }
        }
    },
    "variables": {
        "storageAccountType": "Standard_LRS",
        "vmStorageAccountContainerName": "vhds",
        "availabilitySetName": "myAvSet",
        "addressPrefix": "10.0.0.0/16",
        "subnetName": "Subnet-1",
        "subnetPrefix": "10.0.0.0/24",
        "publicIPAddressType": "Dynamic",
        "vnetName": "myVNET",
        "vnetID": "[resourceId('Microsoft.Network/virtualNetworks',variables('vnetName'))]",
        "subnetRef": "[concat(variables('vnetID'),'/subnets/',variables ('subnetName'))]",
        "publicIPAddressName": "myPublicIP",
        "publicIPAddressID": "[resourceId('Microsoft.Network/publicIPAddresses',variables('publicIPAddressName'))]",
        "lbName": "myLB",
        "lbID": "[resourceId('Microsoft.Network/loadBalancers',variables('lbName'))]",
        "numberOfInstances": 1,
        "frontEndIPConfigID": "[concat(variables('lbID'),'/frontendIPConfigurations/loadBalancerFrontend')]",
        "lbPoolID": "[concat(variables('lbID'),'/backendAddressPools/LoadBalancerBackend')]",
        "lbProbeID": "[concat(variables('lbID'),'/probes/tcpProbe')]",
        "newStorageAccountName": "[concat(uniquestring(resourceGroup().id),'winrmsa')]",
        "apiVersion": "2015-06-15",
        "hostDNSNameScriptArgument": "[concat('*.',resourceGroup().location,'.cloudapp.azure.com')]",
        "primaryNicNamePrefix": "nic",
        "secondaryNicNamePrefix": "nicN",        
        "imagePublisher":"MicrosoftWindowsServer",
        "imageOffer":"WindowsServer"
    },
    "resources": [
        {
            "type": "Microsoft.Storage/storageAccounts",
            "name": "[variables('newStorageAccountName')]",
            "apiVersion": "[variables('apiVersion')]",
            "location": "[resourceGroup().location]",
            "properties": {
                "accountType": "[variables('storageAccountType')]"
            }
        },
        {
            "type": "Microsoft.Compute/availabilitySets",
            "name": "[variables('availabilitySetName')]",
            "apiVersion": "[variables('apiVersion')]",
            "location": "[resourceGroup().location]",
            "properties": { }
        },
        {
            "apiVersion": "[variables('apiVersion')]",
            "type": "Microsoft.Network/publicIPAddresses",
            "name": "[variables('publicIPAddressName')]",
            "location": "[resourceGroup().location]",
            "properties": {
                "publicIPAllocationMethod": "[variables('publicIPAddressType')]",
                "dnsSettings": {
                    "domainNameLabel": "[parameters('dnsLabelPrefix')]"
                }
            }
        },
        {
            "apiVersion": "[variables('apiVersion')]",
            "type": "Microsoft.Network/virtualNetworks",
            "name": "[variables('vnetName')]",
            "location": "[resourceGroup().location]",
            "properties": {
                "addressSpace": {
                    "addressPrefixes": [
                        "[variables('addressPrefix')]"
                    ]
                },
                "subnets": [
                    {
                        "name": "[variables('subnetName')]",
                        "properties": {
                            "addressPrefix": "[variables('subnetPrefix')]"
                        }
                    }
                ]
            }
        },
        {
            "apiVersion": "[variables('apiVersion')]",
            "type": "Microsoft.Network/networkInterfaces",
            "name": "[concat(variables('primaryNicNamePrefix'), copyindex())]",
            "location": "[resourceGroup().location]",
            "copy": {
                "name": "nicLoop",
                "count": "[variables('numberOfInstances')]"
            },
            "dependsOn": [
                "[concat('Microsoft.Network/virtualNetworks/', variables('vnetName'))]",
                "[concat('Microsoft.Network/loadBalancers/', variables('lbName'))]"
            ],
            "properties": {
                "ipConfigurations": [
                    {
                        "name": "ipconfig1",
                        "properties": {
                            "privateIPAllocationMethod": "Dynamic",
                            "subnet": {
                                "id": "[variables('subnetRef')]"
                            },
                            "loadBalancerBackendAddressPools": [
                                {
                                    "id": "[concat(variables('lbID'), '/backendAddressPools/LoadBalancerBackend')]"
                                }
                            ],
                            "loadBalancerInboundNatRules": [
                                {
                                    "id": "[concat(variables('lbID'),'/inboundNatRules/PRDP-VM', copyindex())]"
                                },
                                {
                                    "id": "[concat(variables('lbID'),'/inboundNatRules/PWINRM-VM', copyindex())]"
                                }
                            ]
                        }

                    }
                ]
            }
        },
        {
            "apiVersion": "[variables('apiVersion')]",
            "type": "Microsoft.Network/networkInterfaces",
            "name": "[concat(variables('secondaryNicNamePrefix'), copyindex())]",
            "location": "[resourceGroup().location]",
            "copy": {
                "name": "nicLoop",
                "count": "[variables('numberOfInstances')]"
            },
            "dependsOn": [
                "[concat('Microsoft.Network/virtualNetworks/', variables('vnetName'))]",
                "[concat('Microsoft.Network/loadBalancers/', variables('lbName'))]"
            ],
            "properties": {
                "ipConfigurations": [
                    {
                        "name": "ipconfig2",
                        "properties": {
                            "privateIPAllocationMethod": "Dynamic",
                            "subnet": {
                                "id": "[variables('subnetRef')]"
                            },
                            "loadBalancerBackendAddressPools": [
                                {
                                    "id": "[concat(variables('lbID'), '/backendAddressPools/LoadBalancerBackend')]"
                                }
                            ],
                            "loadBalancerInboundNatRules": [
                                {
                                    "id": "[concat(variables('lbID'),'/inboundNatRules/SRDP-VM', copyindex())]"
                                },
                                {
                                    "id": "[concat(variables('lbID'),'/inboundNatRules/SWINRM-VM', copyindex())]"
                                }
                            ]
                        }

                    }
                ]
            }
        },
        {
            "apiVersion": "[variables('apiVersion')]",
            "name": "[variables('lbName')]",
            "type": "Microsoft.Network/loadBalancers",
            "location": "[resourceGroup().location]",
            "dependsOn": [
                "[concat('Microsoft.Network/publicIPAddresses/', variables('publicIPAddressName'))]"
            ],
            "properties": {
                "frontendIPConfigurations": [
                    {
                        "name": "LoadBalancerFrontend",
                        "properties": {
                            "publicIPAddress": {
                                "id": "[variables('publicIPAddressID')]"
                            }
                        }
                    }
                ],
                "backendAddressPools": [
                    {
                        "name": "LoadBalancerBackend"

                    }
                ],
                "inboundNatRules": [
                    {
                        "name": "PRDP-VM0",
                        "properties": {
                            "frontendIPConfiguration": {
                                "id": "[variables('frontEndIPConfigID')]"
                            },
                            "protocol": "tcp",
                            "frontendPort": 50001,
                            "backendPort": 3389,
                            "enableFloatingIP": false
                        }
                    },
                    {
                        "name": "PRDP-VM1",
                        "properties": {
                            "frontendIPConfiguration": {
                                "id": "[variables('frontEndIPConfigID')]"
                            },
                            "protocol": "tcp",
                            "frontendPort": 50002,
                            "backendPort": 3389,
                            "enableFloatingIP": false
                        }
                    },
                    {
                        "name": "PWINRM-VM0",
                        "properties": {
                            "frontendIPConfiguration": {
                                "id": "[variables('frontEndIPConfigID')]"
                            },
                            "protocol": "tcp",
                            "frontendPort": 40001,
                            "backendPort": 5986,
                            "enableFloatingIP": false
                        }
                    },
                    {
                        "name": "PWINRM-VM1",
                        "properties": {
                            "frontendIPConfiguration": {
                                "id": "[variables('frontEndIPConfigID')]"
                            },
                            "protocol": "tcp",
                            "frontendPort": 40002,
                            "backendPort": 5986,
                            "enableFloatingIP": false
                        }
                    },
                    {
                        "name": "SRDP-VM0",
                        "properties": {
                            "frontendIPConfiguration": {
                                "id": "[variables('frontEndIPConfigID')]"
                            },
                            "protocol": "tcp",
                            "frontendPort": 50003,
                            "backendPort": 3389,
                            "enableFloatingIP": false
                        }
                    },
                    {
                        "name": "SRDP-VM1",
                        "properties": {
                            "frontendIPConfiguration": {
                                "id": "[variables('frontEndIPConfigID')]"
                            },
                            "protocol": "tcp",
                            "frontendPort": 50004,
                            "backendPort": 3389,
                            "enableFloatingIP": false
                        }
                    },
                    {
                        "name": "SWINRM-VM0",
                        "properties": {
                            "frontendIPConfiguration": {
                                "id": "[variables('frontEndIPConfigID')]"
                            },
                            "protocol": "tcp",
                            "frontendPort": 40003,
                            "backendPort": 5986,
                            "enableFloatingIP": false
                        }
                    },
                    {
                        "name": "SWINRM-VM1",
                        "properties": {
                            "frontendIPConfiguration": {
                                "id": "[variables('frontEndIPConfigID')]"
                            },
                            "protocol": "tcp",
                            "frontendPort": 40004,
                            "backendPort": 5986,
                            "enableFloatingIP": false
                        }
                    }
                ],
                "loadBalancingRules": [
                    {
                        "name": "LBRule",
                        "properties": {
                            "frontendIPConfiguration": {
                                "id": "[variables('frontEndIPConfigID')]"
                            },
                            "backendAddressPool": {
                                "id": "[variables('lbPoolID')]"
                            },
                            "protocol": "tcp",
                            "frontendPort": 80,
                            "backendPort": 80,
                            "enableFloatingIP": false,
                            "idleTimeoutInMinutes": 5,
                            "probe": {
                                "id": "[variables('lbProbeID')]"
                            }
                        }
                    }
                ],
                "probes": [
                    {
                        "name": "tcpProbe",
                        "properties": {
                            "protocol": "tcp",
                            "port": 80,
                            "intervalInSeconds": "5",
                            "numberOfProbes": "2"
                        }
                    }
                ]
            }
        },
        {
            "apiVersion": "[variables('apiVersion')]",
            "type": "Microsoft.Compute/virtualMachines",
            "name": "[concat(parameters('primaryVmNamePrefix'), copyindex())]",
            "copy": {
                "name": "virtualMachineLoop",
                "count": "[variables('numberOfInstances')]"
            },
            "location": "[resourceGroup().location]",
            "dependsOn": [
                "[concat('Microsoft.Storage/storageAccounts/', variables('newStorageAccountName'))]",
                "[concat('Microsoft.Network/networkInterfaces/', variables('primaryNicNamePrefix'), copyindex())]",
                "[concat('Microsoft.Compute/availabilitySets/', variables('availabilitySetName'))]"
            ],
            "tags": {
                "Role": "Web"
            },
            "properties": {
                "availabilitySet": {
                    "id": "[resourceId('Microsoft.Compute/availabilitySets',variables('availabilitySetName'))]"
                },
                "hardwareProfile": {
                    "vmSize": "[parameters('vmSize')]"
                },
                "osProfile": {
                    "computername": "[concat(parameters('primaryVmNamePrefix'), copyIndex())]",
                    "adminUsername": "[parameters('adminUsername')]",
                    "adminPassword": "[parameters('adminPassword')]"
                },
                "storageProfile": {
                    "imageReference": {
                        "publisher": "[variables('imagePublisher')]",
                        "offer": "[variables('imageOffer')]",
                        "sku": "[parameters('imageSKU')]",
                        "version": "latest"
                    },
                    "osDisk": {
                        "name": "osdisk",
                        "vhd": {
                            "uri": "[concat('http://',variables('newStorageAccountName'),'.blob.core.windows.net/vhds/','osdisk', copyindex(), '.vhd')]"
                        },
                        "caching": "ReadWrite",
                        "createOption": "FromImage"
                    }
                },
                "networkProfile": {
                    "networkInterfaces": [
                        {
                            "id": "[resourceId('Microsoft.Network/networkInterfaces',concat(variables('primaryNicNamePrefix'),copyindex()))]"
                        }
                    ]
                }
            },
            "resources": [
                {
                    "apiVersion": "[variables('apiVersion')]",
                    "type": "Microsoft.Compute/virtualMachines/extensions",
                    "name": "[concat(parameters('primaryVmNamePrefix'), copyIndex(),'/CustomScriptExtension')]",
                    "location": "[resourceGroup().location]",  
                    "dependsOn": [
                        "[concat('Microsoft.Compute/virtualMachines/',parameters('primaryVmNamePrefix'),copyIndex())]"
                    ],                   
                    "properties": {
                        "publisher": "Microsoft.Compute",
                        "type": "CustomScriptExtension",
                        "typeHandlerVersion": "1.4",
                        "settings": {
                            "fileUris": [ 
                                "https://raw.githubusercontent.com/Azure/azure-quickstart-templates/master/201-vm-winrm-lb-windows/ConfigureWinRM.ps1",
                                "https://raw.githubusercontent.com/Azure/azure-quickstart-templates/master/201-vm-winrm-lb-windows/makecert.exe",
                                "https://raw.githubusercontent.com/Azure/azure-quickstart-templates/master/201-vm-winrm-lb-windows/winrmconf.cmd"
                            ],
                            "commandToExecute": "[concat('powershell -ExecutionPolicy Unrestricted -file ConfigureWinRM.ps1 ',variables('hostDNSNameScriptArgument'))]"
                        }
                    }
                }
            ]
        },
        {
            "apiVersion": "[variables('apiVersion')]",
            "type": "Microsoft.Compute/virtualMachines",
            "name": "[concat(parameters('secondaryVmNamePrefix'), copyindex())]",
            "copy": {
                "name": "virtualMachineLoop",
                "count": "[variables('numberOfInstances')]"
            },
            "location": "[resourceGroup().location]",
            "dependsOn": [
                "[concat('Microsoft.Storage/storageAccounts/', variables('newStorageAccountName'))]",
                "[concat('Microsoft.Network/networkInterfaces/', variables('secondaryNicNamePrefix'), copyindex())]",
                "[concat('Microsoft.Compute/availabilitySets/', variables('availabilitySetName'))]"
            ],
            "tags": {
                "Role": "Test"
            },
            "properties": {
                "availabilitySet": {
                    "id": "[resourceId('Microsoft.Compute/availabilitySets',variables('availabilitySetName'))]"
                },
                "hardwareProfile": {
                    "vmSize": "[parameters('vmSize')]"
                },
                "osProfile": {
                    "computername": "[concat(parameters('secondaryVmNamePrefix'), copyIndex())]",
                    "adminUsername": "[parameters('adminUsername')]",
                    "adminPassword": "[parameters('adminPassword')]"
                },
                "storageProfile": {
                    "imageReference": {
                        "publisher": "[variables('imagePublisher')]",
                        "offer": "[variables('imageOffer')]",
                        "sku": "[parameters('imageSKU')]",
                        "version": "latest"
                    },
                    "osDisk": {
                        "name": "osdisk",
                        "vhd": {
                            "uri": "[concat('http://',variables('newStorageAccountName'),'.blob.core.windows.net/vhds/','osdiskN', copyindex(), '.vhd')]"
                        },
                        "caching": "ReadWrite",
                        "createOption": "FromImage"
                    }
                },
                "networkProfile": {
                    "networkInterfaces": [
                        {
                            "id": "[resourceId('Microsoft.Network/networkInterfaces',concat(variables('secondaryNicNamePrefix'),copyindex()))]"
                        }
                    ]
                }
            },
            "resources": [
                {
                    "apiVersion": "[variables('apiVersion')]",
                    "type": "Microsoft.Compute/virtualMachines/extensions",
                    "name": "[concat(parameters('secondaryVmNamePrefix'), copyindex(),'/CustomScriptExtension')]",                    
                    "location": "[resourceGroup().location]",     
                    "dependsOn": [
                    "[concat('Microsoft.Compute/virtualMachines/',parameters('secondaryVmNamePrefix'),copyindex())]"
                    ],             
                    "properties": {
                        "publisher": "Microsoft.Compute",
                        "type": "CustomScriptExtension",
                        "typeHandlerVersion": "1.4",
                        "settings": {
                            "fileUris": [ 
                                "https://raw.githubusercontent.com/Azure/azure-quickstart-templates/master/201-vm-winrm-lb-windows/ConfigureWinRM.ps1",
                                "https://raw.githubusercontent.com/Azure/azure-quickstart-templates/master/201-vm-winrm-lb-windows/makecert.exe",
                                "https://raw.githubusercontent.com/Azure/azure-quickstart-templates/master/201-vm-winrm-lb-windows/winrmconf.cmd"
                            ],
                            "commandToExecute": "[concat('powershell -ExecutionPolicy Unrestricted -file ConfigureWinRM.ps1 ',variables('hostDNSNameScriptArgument'))]"
                        }
                    }
                }
            ]
        }
    ]
}
