{
  "$schema": "http://schema.management.azure.com/schemas/2015-01-01/deploymentParameters.json#",
  "contentVersion": "1.0.0.0",
  "parameters": {
    "vmName": {
      "value": "vmName"
    },
    "aadClientID": {
      "value": "aadClientID"
    },
    "aadClientSecret": {
      "value": "YourClientSecret"
    },
    "keyVaultName": {
      "value": "kvName"
    },
    "useExistingKek": {
      "value": "nokek"
    },
    "keyEncryptionKeyURL": {
      "value": "kekUrl"
    },
    "volumeType": {
      "value": "All"
    },
    "sequenceVersion": {
      "value": "1"
    }
  }
}
