{
  "$schema": "http://schema.management.azure.com/schemas/2015-01-01/deploymentParameters.json#",
  "contentVersion": "1.0.0.0",
  "parameters": {
    "location": {
      "value": "West US"
    },
    "newStorageAccountName": {
      "value": "GEN-UNIQUE"
    },
    "vmDiagnosticsStorageAccountName": {
      "value": "GEN-UNIQUE"
    },
    "adminUsername": {
      "value": "yourusername"
    },
    "adminPassword": {
      "value": "GEN-PASSWORD"
    },
    "dnsNameForPublicIP": {
      "value": "GEN-UNIQUE"
    },
    "windowsOSVersion": {
      "value": "2012-R2-Datacenter"
    }
  }
}
