{
  "$schema": "http://schemas.management.azure.com/schemas/2014-04-01-preview/deploymentTemplate.json#",
  "contentVersion": "1.0.0.0",
  "parameters": {
    "gatewayName": {
      "type": "string",
      "metadata": {
        "description": "The name of the gateway you wish to create. The API app gets registered to this gateway."
      }
    },
    "apiAppName": {
      "type": "string",
      "metadata": {
        "description": "The name of the API app to create. The name must contain at least 8 characters and no more than 50 characters."
      }
    },
    "apiAppSecret": {
      "type": "securestring",
      "metadata": {
        "description": "The secret for the API app. This value must be a base64-encoded string. It should be a random string with 64 characters, and consist of only integers and lowercase characters. "
      }
    },
    "hostingPlanName": {
      "type": "string",
      "metadata": {
        "description": "The name of the name App Service plan."
      }
    },
    "hostingPlanSettings": {
      "type": "Object",
      "defaultValue": {
        "computeMode": "Dedicated",
        "siteMode": "Limited",
        "sku": "Standard",
        "workerSize": "0",
        "hostingEnvironment": ""
      },
      "metadata": {
        "description": "The settings of the existing hosting plan."
      }
    },
    "location": {
      "type": "string",
      "metadata": {
        "description": "The location for the new API app."
      }
    }
  },
  "variables": {
    "packageId": "Microsoft.ApiApp"
  },
  "resources": [
    {
      "type": "Microsoft.Web/serverfarms",
      "apiVersion": "2015-04-01",
      "name": "[parameters('hostingPlanName')]",
      "location": "[parameters('location')]",
      "properties": {
        "name": "[parameters('hostingPlanName')]",
        "sku": "[parameters('hostingPlanSettings').sku]",
        "workerSize": "[parameters('hostingPlanSettings').workerSize]",
        "hostingEnvironment": "[parameters('hostingPlanSettings').hostingEnvironment]",
        "numberOfWorkers": 1
      }
    },
    {
      "type": "Microsoft.Web/sites",
      "apiVersion": "2015-04-01",
      "name": "[parameters('gatewayName')]",
      "location": "[parameters('location')]",
      "kind": "gateway",
      "resources": [
        {
          "type": "providers/links",
          "apiVersion": "2015-01-01",
          "name": "Microsoft.Resources/gateway",
          "dependsOn": [
            "[resourceId('Microsoft.Web/sites', parameters('gatewayName'))]"
          ],
          "properties": {
            "targetId": "[resourceId('Microsoft.AppService/gateways', parameters('gatewayName'))]"
          }
        }
      ],
      "properties": {
        "name": "[parameters('gatewayName')]",
        "gatewaySiteName": "[parameters('gatewayName')]",
        "serverFarmId": "[resourceId('Microsoft.Web/serverfarms', parameters('hostingPlanName'))]",
        "hostingEnvironment": "[parameters('hostingPlanSettings').hostingEnvironment]",
        "siteConfig": {
          "appSettings": [
            {
              "name": "ApiAppsGateway_EXTENSION_VERSION",
              "value": "latest"
            },
            {
              "name": "EmaStorage",
              "value": "D:\\home\\data\\apiapps"
            },
            {
              "name": "WEBSITE_START_SCM_ON_SITE_CREATION",
              "value": "1"
            }
          ]
        }
      },
      "dependsOn": [
        "[resourceId('Microsoft.Web/serverfarms', parameters('hostingPlanName'))]"
      ]
    },
    {
      "type": "Microsoft.AppService/gateways",
      "apiVersion": "2015-03-01-preview",
      "name": "[parameters('gatewayName')]",
      "location": "[parameters('location')]",
      "resources": [
        {
          "type": "providers/links",
          "apiVersion": "2015-01-01",
          "name": "Microsoft.Resources/gatewaySite",
          "dependsOn": [
            "[resourceId('Microsoft.AppService/gateways', parameters('gatewayName'))]"
          ],
          "properties": {
            "targetId": "[resourceId('Microsoft.Web/sites', parameters('gatewayName'))]"
          }
        }
      ],
      "dependsOn": [
        "[resourceId('Microsoft.Web/sites', parameters('gatewayName'))]"
      ],
      "properties": {
        "host": {
          "resourceName": "[parameters('gatewayName')]"
        }
      }
    },
    {
      "type": "Microsoft.Web/sites",
      "apiVersion": "2015-04-01",
      "name": "[parameters('apiAppName')]",
      "location": "[parameters('location')]",
      "kind": "apiApp",
      "resources": [
        {
          "type": "siteextensions",
          "apiVersion": "2015-02-01",
          "name": "[variables('packageId')]",
          "dependsOn": [
            "[resourceId('Microsoft.Web/sites', parameters('apiAppName'))]"
          ],
          "properties": {
            "type": "WebRoot",
            "feed_url": "http://apiapps-preview.nuget.org/api/v2/",
            "version": "0.9.4"
          }
        },
        {
          "type": "providers/links",
          "apiVersion": "2015-01-01",
          "name": "Microsoft.Resources/apiApp",
          "dependsOn": [
            "[resourceId('Microsoft.Web/sites', parameters('apiAppName'))]"
          ],
          "properties": {
            "targetId": "[resourceId('Microsoft.AppService/apiapps', parameters('apiAppName'))]"
          }
        }
      ],
      "properties": {
        "name": "[parameters('apiAppName')]",
        "gatewaySiteName": "[parameters('gatewayName')]",
        "serverFarmId": "[resourceId('Microsoft.Web/serverfarms', parameters('hostingPlanName'))]",
        "hostingEnvironment": "[parameters('hostingPlanSettings').hostingEnvironment]",
        "siteConfig": {
          "appSettings": [
            {
              "name": "EMA_MicroserviceId",
              "value": "[parameters('apiAppName')]"
            },
            {
              "name": "EMA_Secret",
              "value": "[parameters('apiAppSecret')]"
            },
            {
              "name": "EMA_RuntimeUrl",
              "value": "[concat('https://', reference(resourceId('Microsoft.Web/sites', parameters('gatewayName'))).hostNames[0])]"
            },
            {
              "name": "WEBSITE_START_SCM_ON_SITE_CREATION",
              "value": "1"
            }
          ]
        }
      },
      "dependsOn": [
        "[resourceId('Microsoft.Web/serverfarms', parameters('hostingPlanName'))]",
        "[resourceId('Microsoft.Web/sites', parameters('gatewayName'))]"
      ]
    },
    {
      "type": "Microsoft.AppService/apiapps",
      "apiVersion": "2015-03-01-preview",
      "name": "[parameters('apiAppName')]",
      "location": "[parameters('location')]",
      "resources": [
        {
          "type": "providers/links",
          "apiVersion": "2015-01-01",
          "name": "Microsoft.Resources/apiAppSite",
          "dependsOn": [
            "[resourceId('Microsoft.AppService/apiapps', parameters('apiAppName'))]"
          ],
          "properties": {
            "targetId": "[resourceId('Microsoft.Web/sites', parameters('apiAppName'))]"
          }
        }
      ],
      "dependsOn": [
        "[resourceId('Microsoft.Web/sites/siteextensions', parameters('apiAppName'), variables('packageId'))]",
        "[resourceId('Microsoft.AppService/gateways', parameters('gatewayName'))]"
      ],
      "properties": {
        "package": {
          "id": "[variables('packageId')]"
        },
        "host": {
          "resourceName": "[parameters('apiAppName')]"
        },
        "gateway": {
          "resourceName": "[parameters('gatewayName')]"
        }
      }
    }
  ]
}
