{
  "$schema": "http://schema.management.azure.com/schemas/2015-01-01/deploymentParameters.json#",
  "contentVersion": "1.0.0.0",
  "parameters": {
    "newStorageAccountName": {
      "value": "changeme"
    },
    "location": {
      "value": "East US"
    },
    "publicIPName": {
      "value": "changeme"
    },
    "publicIPAddressType": {
      "value": "Dynamic"
    },
    "vmName": {
      "value": "changeme"
    },
    "vmSize": {
      "value": "Standard_A2"
    },
    "adminUserName": {
      "value": "changeme"
    },
    "adminPassword": {
      "value": "changeme"
    },
    "virtualNetworkName": {
      "value": "changeme"
    },
    "virtualNetworkResourceGroup": {
      "value": "changeme"
    },
    "subnet1Name": {
      "value": "changeme"
    },
    "nicName": {
      "value": "changeme"
    }
  }
}
