{
  "$schema": "http://schema.management.azure.com/schemas/2015-01-01/deploymentParameters.json#",
  "contentVersion": "1.0.0.0",
  "parameters": {
    "aadClientID": {
      "value": "clientId"
    },
    "aadClientSecret": {
      "value": "YourClientSecret"
    },
    "diskFormatQuery": {
      "value": "YourQuery"
    },
    "keyEncryptionKeyURL": {
      "value": "kekUrl"
    },
    "keyVaultName": {
      "value": "kvName"
    },
    "passphrase": {
      "value": "YourPassphrase"
    },
    "sequenceVersion": {
      "value": "1"
    },
    "useExistingKek": {
      "value": "nokek"
    },
    "vmName": {
      "value": "vmName"
    }
  }
}
