{
    "$schema": "https://schema.management.azure.com/schemas/2015-01-01/deploymentTemplate.json",
    "contentVersion": "1.0.0.0",
    "parameters": {
        "uniqueDnsName": {
            "type": "string",
            "metadata": {
                "description": "Relative DNS name for the traffic manager profile, resulting FQDN will be <uniqueDnsName>.trafficmanager.net, must be globally unique."
            }
        },
        "uniqueStorageAccountName": {
            "type": "string",
            "metadata": {
                "description": "Relative DNS Name for the Storage Account where the Virtual Machine's disks will be placed, must be globally unique."
            }
        },
        "adminUsername": {
            "type": "string",
            "metadata": {
                "description": "User name for the Virtual Machines."
            }
        },
        "adminPassword": {
            "type": "securestring",
            "metadata": {
                "description": "Password for the Virtual Machines."
            }
        },
        "uniqueDnsNameForPublicIP": {
            "type": "string",
            "metadata": {
                "description": "Relative DNS Name for the Public IPs used to access the Virtual Machines, must be globally unique.  An index will be appended for each instance."
            }
        },
        "ubuntuOSVersion": {
            "type": "string",
            "defaultValue": "14.04.2-LTS",
            "allowedValues": [
                "12.04.5-LTS",
                "14.04.2-LTS",
                "15.04"
            ],
            "metadata": {
                "description": "The Ubuntu version for the VM. This will pick a fully patched image of this given Ubuntu version. Allowed values: 12.04.5-LTS, 14.04.2-LTS, 15.04."
            }
        }
    },

    "variables": {
        "numVMs": 3,
        "tmApiVersion": "2015-04-28-preview",
        "apiVersion": "2015-05-01-preview",
        "location": "westus",
        "imagePublisher": "Canonical",
        "imageOffer": "UbuntuServer",
        "OSDiskName": "osdiskforlinuxsimple",
        "nicName": "myVMNic",
        "addressPrefix": "10.0.0.0/16",
        "subnetName": "Subnet",
        "subnetPrefix": "10.0.0.0/24",
        "storageAccountType": "Standard_LRS",
        "publicIPAddressName": "myPublicIP",
        "publicIPAddressType": "Dynamic",
        "vmStorageAccountContainerName": "vhds",
        "vmName": "MyUbuntuVM",
        "vmSize": "Standard_D1",
        "virtualNetworkName": "MyVNET",
        "vnetID": "[resourceId('Microsoft.Network/virtualNetworks',variables('virtualNetworkName'))]",
        "subnetRef": "[concat(variables('vnetID'),'/subnets/',variables('subnetName'))]"
    },

    "resources": [
        {
            "type": "Microsoft.Storage/storageAccounts",
            "name": "[parameters('uniqueStorageAccountName')]",
            "apiVersion": "[variables('apiVersion')]",
            "location": "[variables('location')]",
            "properties": {
                "accountType": "[variables('storageAccountType')]"
            }
        },
        {
            "apiVersion": "[variables('apiVersion')]",
            "type": "Microsoft.Network/publicIPAddresses",
            "name": "[concat(variables('publicIPAddressName'), copyIndex())]",
            "copy": {
                "name": "ipLoop",
                "count": "[variables('numVMs')]"
            },
            "location": "[variables('location')]",
            "properties": {
                "publicIPAllocationMethod": "[variables('publicIPAddressType')]",
                "dnsSettings": {
                    "domainNameLabel": "[concat(parameters('uniqueDnsNameForPublicIP'), copyindex())]"
                }
            }
        },
        {
            "apiVersion": "[variables('apiVersion')]",
            "type": "Microsoft.Network/virtualNetworks",
            "name": "[variables('virtualNetworkName')]",
            "location": "[variables('location')]",
            "properties": {
                "addressSpace": {
                    "addressPrefixes": [
                        "[variables('addressPrefix')]"
                    ]
                },
                "subnets": [
                    {
                        "name": "[variables('subnetName')]",
                        "properties": {
                            "addressPrefix": "[variables('subnetPrefix')]"
                        }
                    }
                ]
            }
        },
        {
            "apiVersion": "[variables('apiVersion')]",
            "type": "Microsoft.Network/networkInterfaces",
            "name": "[concat(variables('nicName'), copyIndex())]",
            "copy": {
                "name": "nicLoop",
                "count": "[variables('numVMs')]"
            },
            "location": "[variables('location')]",
            "dependsOn": [
                "[concat('Microsoft.Network/publicIPAddresses/', variables('publicIPAddressName'), copyIndex())]",
                "[concat('Microsoft.Network/virtualNetworks/', variables('virtualNetworkName'))]"
            ],
            "properties": {
                "ipConfigurations": [
                    {
                        "name": "ipconfig1",
                        "properties": {
                            "privateIPAllocationMethod": "Dynamic",
                            "publicIPAddress": {
                                "id": "[resourceId('Microsoft.Network/publicIPAddresses',concat(variables('publicIPAddressName'), copyIndex()))]"
                            },
                            "subnet": {
                                "id": "[variables('subnetRef')]"
                            }
                        }
                    }
                ]
            }
        },
        {
            "apiVersion": "[variables('apiVersion')]",
            "type": "Microsoft.Compute/virtualMachines",
            "name": "[concat(variables('vmName'), copyIndex())]",
            "location": "[variables('location')]",
            "copy": {
                "name": "vmLoop",
                "count": "[variables('numVMs')]"
            },
            "dependsOn": [
                "[concat('Microsoft.Storage/storageAccounts/', parameters('uniqueStorageAccountName'))]",
                "[concat('Microsoft.Network/networkInterfaces/', variables('nicName'), copyIndex())]"
            ],
            "properties": {
                "hardwareProfile": {
                    "vmSize": "[variables('vmSize')]"
                },
                "osProfile": {
                    "computerName": "[variables('vmName')]",
                    "adminUsername": "[parameters('adminUsername')]",
                    "adminPassword": "[parameters('adminPassword')]"
                },
                "storageProfile": {
                    "imageReference": {
                        "publisher": "[variables('imagePublisher')]",
                        "offer": "[variables('imageOffer')]",
                        "sku": "[parameters('ubuntuOSVersion')]",
                        "version": "latest"
                    },
                    "osDisk": {
                        "name": "osdisk",
                        "vhd": {
                            "uri": "[concat('http://',parameters('uniqueStorageAccountName'),'.blob.core.windows.net/',variables('vmStorageAccountContainerName'),'/',variables('OSDiskName'), copyIndex(),'.vhd')]"
                        },
                        "caching": "ReadWrite",
                        "createOption": "FromImage"
                    }
                },
                "networkProfile": {
                    "networkInterfaces": [
                        {
                            "id": "[resourceId('Microsoft.Network/networkInterfaces',concat(variables('nicName'), copyIndex()))]"
                        }
                    ]
                }
            }
        },
        {
            "type": "Microsoft.Compute/virtualMachines/extensions",
            "name": "[concat(variables('vmName'), copyIndex(), '/installcustomscript')]",
            "copy": {
                "name": "extLoop",
                "count": "[variables('numVMs')]"
            },
            "apiVersion": "[variables('apiVersion')]",
            "location": "[variables('location')]",
            "dependsOn": [
                "[concat('Microsoft.Compute/virtualMachines/', variables('vmName'), copyIndex())]"
            ],
            "properties": {
                "publisher": "Microsoft.OSTCExtensions",
                "type": "CustomScriptForLinux",
                "typeHandlerVersion": "1.3",
                "settings": {
                    "commandToExecute": "sudo bash -c 'apt-get update && apt-get -y install apache2' "
                }
            }
        },
        {
            "apiVersion": "[variables('tmApiVersion')]",
            "type": "Microsoft.Network/trafficManagerProfiles",
            "name": "VMEndpointExample",
            "location": "global",
            "dependsOn": [
                "[concat('Microsoft.Network/publicIPAddresses/', variables('publicIPAddressName'), '0')]",
                "[concat('Microsoft.Network/publicIPAddresses/', variables('publicIPAddressName'), '1')]",
                "[concat('Microsoft.Network/publicIPAddresses/', variables('publicIPAddressName'), '2')]"
            ],
            "properties": {
                "profileStatus": "Enabled",
                "trafficRoutingMethod": "Weighted",
                "dnsConfig": {
                    "relativeName": "[parameters('uniqueDnsName')]",
                    "ttl": 30
                },
                "monitorConfig": {
                    "protocol": "http",
                    "port": 80,
                    "path": "/"
                },
                "endpoints": [
                    {
                        "name": "endpoint0",
                        "type": "Microsoft.Network/trafficManagerProfiles/azureEndpoints",
                        "properties": {
                            "targetResourceId": "[resourceId('Microsoft.Network/publicIPAddresses',concat(variables('publicIPAddressName'), 0))]",
                            "endpointStatus": "Enabled",
                            "weight": 1
                        }
                    },
                    {
                        "name": "endpoint1",
                        "type": "Microsoft.Network/trafficManagerProfiles/azureEndpoints",
                        "properties": {
                            "targetResourceId": "[resourceId('Microsoft.Network/publicIPAddresses',concat(variables('publicIPAddressName'), 1))]",
                            "endpointStatus": "Enabled",
                            "weight": 1
                        }
                    },
                    {
                        "name": "endpoint2",
                        "type": "Microsoft.Network/trafficManagerProfiles/azureEndpoints",
                        "properties": {
                            "targetResourceId": "[resourceId('Microsoft.Network/publicIPAddresses',concat(variables('publicIPAddressName'), 2))]",
                            "endpointStatus": "Enabled",
                            "weight": 1
                        }
                    }
                ]
            }
        }
    ]
}
