{
  "$schema": "https://schema.management.azure.com/schemas/2015-01-01-preview/deploymentTemplate.json#",
  "contentVersion": "1.0.0.0",
  "parameters": {
    "newStorageAccountName": {
      "value": "GEN-UNIQUE"
    },
    "vmLocation": {
      "value": "West US"
    },
    "vmName": {
      "value": "cawadscvm07"
    },
    "adminUserName": {
      "value": "yourusername"
    },
    "dnsName": {
      "value": "GEN-UNIQUE"
    },
    "vmSize": {
      "value": "Standard_A3"
    },
    "adminPassword": {
      "value": "GEN-PASSWORD"
    },
    "webdeploypkg": {
      "value": "https://github.com/Azure/azure-quickstart-templates/raw/master/201-web-app-vm-dsc/WebApplication3.zip"
    },
    "configurationFunction": {
      "value": "ConfigureWebServer.ps1\\Main"
    },
    "DatabaseServerName": {
      "value": "GEN-UNIQUE"
    },
    "DatabaseServerLocation": {
      "value": "westus"
    },
    "databaseServerAdminLogin": {
      "value": "dbuser"
    },
    "databaseServerAdminLoginPassword": {
      "value": "GEN-PASSWORD"
    },
    "databaseName": {
      "value": "cawadb07"
    },
    "modulesUrl": {
      "value": "https://github.com/Azure/azure-quickstart-templates/raw/master/201-web-app-vm-dsc/ConfigureWebServer.ps1.zip"
    }
  }
}
