{
  "$schema": "http://schema.management.azure.com/schemas/2015-01-01/deploymentParameters.json#",
  "contentVersion": "1.0.0.0",
  "parameters": {
    "existingVNETName": {
      "value": "myvnet"
    },
    "existingSubnetName": {
      "value": "subnet"
    },
    "dnsLabelPrefix": {
      "value": "GEN-UNIQUE"
    },
    "vmSize": {
      "value": "Standard_A2"
    },
    "domainToJoin": {
      "value": "contoso.local"
    },
    "domainUsername": {
      "value": "azureUser"
    },
    "domainPassword": {
      "value": "P@ssword!"
    },
    "ouPath": {
      "value": ""
    },
    "domainJoinOptions": {
      "value": 3
    },
    "vmAdminUsername": {
      "value": "azureUser"
    },
    "vmAdminPassword": {
      "value": "P@ssword!"
    }
  }
}