{
  "$schema":"http://schema.management.azure.com/schemas/2015-01-01-preview/deploymentTemplate.json",
  "contentVersion":"1.0.0.0",
  "parameters":{
    "vmSSName":{
      "type":"string"
    },
    "instanceCount":{
      "type":"int",
      "metadata":{
        "description":"Number of VM instances"
      }
    },
    "newStorageAccountPrefix":{
      "type":"string"
    },
    "vnetName":{
      "type":"string"
    },
    "adminUsername":{
      "type":"string"
    },
    "adminPassword":{
      "type":"securestring"
    }
  },
  "variables":{
    "apiVersion":"2015-06-15",
    "imagePublisher": "MicrosoftWindowsServer",
    "imageOffer": "WindowsServer",
    "imageVersion":"2012-R2-Datacenter",
    "subnetName":"subnet",
    "storageAccountType":"Standard_LRS",
    "location":"[resourceGroup().location]",
    "vhdContainerName":"vhds",
    "uniqueStringArray":[
      "[concat(uniqueString(concat(resourceGroup().id, parameters('newStorageAccountPrefix'), '0')))]",
      "[concat(uniqueString(concat(resourceGroup().id, parameters('newStorageAccountPrefix'), '1')))]",
      "[concat(uniqueString(concat(resourceGroup().id, parameters('newStorageAccountPrefix'), '2')))]",
      "[concat(uniqueString(concat(resourceGroup().id, parameters('newStorageAccountPrefix'), '3')))]",
      "[concat(uniqueString(concat(resourceGroup().id, parameters('newStorageAccountPrefix'), '4')))]"
    ]
  },
  "resources":[
    {
      "type":"Microsoft.Storage/storageAccounts",
      "name":"[concat(variables('uniqueStringArray')[copyIndex()], parameters('newStorageAccountPrefix'))]",
      "apiVersion":"[variables('apiVersion')]",
      "copy":{
        "name":"storageLoop",
        "count":5
      },
      "location":"[variables('location')]",
      "properties":{
        "accountType":"[variables('storageAccountType')]"
      }
    },
    {
      "type":"Microsoft.Compute/virtualMachineScaleSets",
      "apiVersion":"[variables('apiVersion')]",
      "name":"[parameters('vmSSName')]",
      "location":"[variables('location')]",
      "tags":{
        "vmsstag1":"Myriad"
      },
      "dependsOn":[
        "storageLoop"
      ],
      "sku":{
        "name":"Standard_A1",
        "tier":"Standard",
        "capacity":"[parameters('instanceCount')]"
      },
      "properties":{
        "upgradePolicy":{
          "mode":"Manual"
        },
        "virtualMachineProfile":{
          "storageProfile":{
            "osDisk":{
              "vhdContainers":[
                "[concat('https://', variables('uniqueStringArray')[0], parameters('newStorageAccountPrefix'), '.blob.core.windows.net/', variables('vhdContainerName'))]",
                "[concat('https://', variables('uniqueStringArray')[1], parameters('newStorageAccountPrefix'), '.blob.core.windows.net/', variables('vhdContainerName'))]",
                "[concat('https://', variables('uniqueStringArray')[2], parameters('newStorageAccountPrefix'), '.blob.core.windows.net/', variables('vhdContainerName'))]",
                "[concat('https://', variables('uniqueStringArray')[3], parameters('newStorageAccountPrefix'), '.blob.core.windows.net/', variables('vhdContainerName'))]",
                "[concat('https://', variables('uniqueStringArray')[4], parameters('newStorageAccountPrefix'), '.blob.core.windows.net/', variables('vhdContainerName'))]"
              ],
              "name":"vmssosdisk",
              "caching":"ReadOnly",
              "createOption":"FromImage"
            },
            "imageReference":{
              "publisher":"[variables('imagePublisher')]",
              "offer":"[variables('imageOffer')]",
              "sku":"[variables('imageVersion')]",
              "version":"latest"
            }
          },
          "osProfile":{
            "computerNamePrefix":"[parameters('vmSSName')]",
            "adminUsername":"[parameters('adminUsername')]",
            "adminPassword":"[parameters('adminPassword')]"
          },
          "networkProfile":{
            "networkInterfaceConfigurations":[
              {
                "name":"[concat('nic', parameters('vmSSName'))]",
                "properties":{
                  "primary":"true",
                  "ipConfigurations":[
                    {
                      "name":"[concat('ipconfig', parameters('vmSSName'))]",
                      "properties":{
                        "subnet":{
                          "Id":"[concat('/subscriptions/', subscription().subscriptionId,'/resourceGroups/', resourceGroup().name, '/providers/Microsoft.Network/virtualNetworks/', parameters('vnetName'), '/subnets/', variables('subnetName'))]"
                        }
                      }
                    }
                  ]
                }
              }
            ]
          }
        }
      }
    }
  ]
}