{
  "$schema":"http://schema.management.azure.com/schemas/2015-01-01-preview/deploymentTemplate.json",
  "contentVersion":"1.0.0.0",
  "parameters":{
    "existingVMSSName":{
      "type":"string",
      "metadata":{
        "description":"Name of existing VM Scale Set"
      }
    },
    "newCapacity":{
      "type":"int",
      "metadata":{
        "description":"Number of desired VM instances"
      }
    }
  },
  "resources":[
    {
      "type":"Microsoft.Compute/virtualMachineScaleSets",
      "apiVersion":"2015-06-15",
      "name":"[parameters('existingVMSSName')]",
      "location":"[resourceGroup().location]",
      "sku":{
        "name":"Standard_A2",
        "tier":"Standard",
        "capacity":"[parameters('newCapacity')]"
      }
    }
  ]
}
