{
  "$schema": "https://schema.management.azure.com/schemas/2015-01-01/deploymentTemplate.json#",
  "contentVersion": "1.0.0.0",
  "parameters": {
    "dnsNameforLBIP": {
      "type": "string",
      "metadata": {
        "description": "Unique DNS name"
      }
    },
    "location": {
      "type": "string",
      "metadata": {
        "description": "Location to deploy"
      }
    },
    "addressPrefix": {
      "type": "string",
      "defaultValue": "10.0.0.0/16",
      "metadata": {
        "description": "Address Prefix"
      }
    },
    "subnetPrefix": {
      "type": "string",
      "defaultValue": "10.0.0.0/24",
      "metadata": {
        "description": "Subnet Prefix"
      }
    },
    "publicIPAddressType": {
      "type": "string",
      "defaultValue": "Dynamic",
      "allowedValues": [
        "Dynamic",
        "Static"
      ],
      "metadata": {
        "description": "Public IP type"
      }
    }
  },
  "variables": {
    "virtualNetworkName": "virtualNetwork1",
    "publicIPAddressName1": "publicIp1",
    "publicIPAddressName2": "publicIp2",
    "subnetName": "subnet1",
    "loadBalancerName": "loadBalancer1",
    "nicName": "networkInterface1",
    "vnetID": "[resourceId('Microsoft.Network/virtualNetworks',variables('virtualNetworkName'))]",
    "subnetRef": "[concat(variables('vnetID'),'/subnets/',variables('subnetName'))]",
    "publicIPAddressID1": "[resourceId('Microsoft.Network/publicIPAddresses',variables('publicIPAddressName1'))]",
    "publicIPAddressID2": "[resourceId('Microsoft.Network/publicIPAddresses',variables('publicIPAddressName2'))]",
    "lbID": "[resourceId('Microsoft.Network/loadBalancers',variables('loadBalancerName'))]",
    "lbBackendPoolID": "[concat(variables('lbID'),'/backendAddressPools/loadBalancerBackend')]",
    "lbProbeID": "[concat(variables('lbID'),'/probes/tcpProbe')]",
    "nicId": "[resourceId('Microsoft.Network/networkInterfaces',variables('nicName'))]",
    "frontEndIPConfigID1": "[concat(variables('lbID'),'/frontendIPConfigurations/loadBalancerFrontEnd1')]",
    "frontEndIPConfigID2": "[concat(variables('lbID'),'/frontendIPConfigurations/loadBalancerFrontEnd2')]",
    "backEndIPConfigID": "[concat(variables('nicId'),'/ipConfigurations/ipconfig1')]",
    "apiVersion": "2015-06-15"
  },
  "resources": [
    {
      "apiVersion": "[variables('apiVersion')]",
      "type": "Microsoft.Network/publicIPAddresses",
      "name": "[variables('publicIPAddressName1')]",
      "location": "[parameters('location')]",
      "properties": {
        "publicIPAllocationMethod": "[parameters('publicIPAddressType')]",
        "dnsSettings": {
          "domainNameLabel": "[parameters('dnsNameforLBIP')]"
        }
      }
    },
    {
      "apiVersion": "[variables('apiVersion')]",
      "type": "Microsoft.Network/publicIPAddresses",
      "name": "[variables('publicIPAddressName2')]",
      "location": "[parameters('location')]",
      "properties": {
        "publicIPAllocationMethod": "[parameters('publicIPAddressType')]"
      }
    },
    {
      "apiVersion": "[variables('apiVersion')]",
      "type": "Microsoft.Network/virtualNetworks",
      "name": "[variables('virtualNetworkName')]",
      "location": "[parameters('location')]",
      "properties": {
        "addressSpace": {
          "addressPrefixes": [
            "[parameters('addressPrefix')]"
          ]
        },
        "subnets": [
          {
            "name": "[variables('subnetName')]",
            "properties": {
              "addressPrefix": "[parameters('subnetPrefix')]"
            }
          }
        ]
      }
    },
    {
      "apiVersion": "[variables('apiVersion')]",
      "type": "Microsoft.Network/networkInterfaces",
      "name": "[variables('nicName')]",
      "location": "[parameters('location')]",
      "dependsOn": [
        "[concat('Microsoft.Network/virtualNetworks/', variables('virtualNetworkName'))]",
        "[concat('Microsoft.Network/loadBalancers/', variables('loadBalancerName'))]"
      ],
      "properties": {
        "ipConfigurations": [
          {
            "name": "ipconfig1",
            "properties": {
              "privateIPAllocationMethod": "Dynamic",
              "subnet": {
                "id": "[variables('subnetRef')]"
              }
            },
            "loadBalancerBackendAddressPools": [
              {
                "id": "[concat('Microsoft.Network/loadBalancers/', variables('loadBalancerName'), '/backendAddressPools/loadBalancerBackEnd')]"
              }
            ]
          }
        ]
      }
    },
    {
      "apiVersion": "[variables('apiVersion')]",
      "name": "[variables('loadBalancerName')]",
      "type": "Microsoft.Network/loadBalancers",
      "location": "[parameters('location')]",
      "dependsOn": [
        "[concat('Microsoft.Network/publicIPAddresses/', variables('publicIPAddressName1'))]",
        "[concat('Microsoft.Network/publicIPAddresses/', variables('publicIPAddressName2'))]"
      ],
      "properties": {
        "frontendIPConfigurations": [
          {
            "name": "loadBalancerFrontEnd1",
            "properties": {
              "publicIPAddress": {
                "id": "[variables('publicIPAddressID1')]"
              }
            }
          },
          {
            "name": "loadBalancerFrontEnd2",
            "properties": {
              "publicIPAddress": {
                "id": "[variables('publicIPAddressID2')]"
              }
            }
          }
        ],
        "backendAddressPools": [
          {
            "name": "loadBalancerBackEnd"
          }
        ],
        "loadBalancingRules": [
          {
            "name": "LBRuleForVIP1",
            "properties": {
              "frontendIPConfiguration": {
                "id": "[variables('frontEndIPConfigID1')]"
              },
              "backendAddressPool": {
                "id": "[variables('lbBackendPoolID')]"
              },
              "protocol": "tcp",
              "frontendPort": 443,
              "backendPort": 443,
              "probe": {
                "id": "[variables('lbProbeID')]"
              }
            }
          },
          {
            "name": "LBRuleForVIP2",
            "properties": {
              "frontendIPConfiguration": {
                "id": "[variables('frontEndIPConfigID2')]"
              },
              "backendAddressPool": {
                "id": "[variables('lbBackendPoolID')]"
              },
              "protocol": "tcp",
              "frontendPort": 443,
              "backendPort": 444,
              "probe": {
                "id": "[variables('lbProbeID')]"
              }
            }
          }
        ],
        "probes": [
          {
            "name": "tcpProbe",
            "properties": {
              "protocol": "tcp",
              "port": 445,
              "intervalInSeconds": 5,
              "numberOfProbes": 2
            }
          }
        ]
      }
    }
  ]
}