{
  "$schema": "https://schema.management.azure.com/schemas/2015-01-01/deploymentTemplate.json#",
  "contentVersion": "1.0.0.0",
  "parameters": {
    "databaseAccountName": {
      "type": "string",
      "metadata": {
        "description": "The DocumentDB database account name."
      }
    }
  },
  "variables": {
    "offerType": "Standard"
  },
  "resources": [
    {
      "apiVersion": "2015-04-08",
      "type": "Microsoft.DocumentDB/databaseAccounts",
      "name": "[parameters('databaseAccountName')]",
      "location": "[resourceGroup().location]",
      "properties": {
        "name": "[parameters('databaseAccountName')]",
        "databaseAccountOfferType": "[variables('offerType')]"
      }
    }
  ]
}