{
    "$schema": "http://schema.management.azure.com/schemas/2015-01-01/deploymentParameters.json#",
    "contentVersion": "1.0.0.0",
    "parameters": {
        "newStorageAccountName": {
            "value": "uniqueStorageAccount"
        },
        "adminUsername": {
            "value": "username"
        },
        "adminPassword": {
            "value": "password"
        },
        "dnsNameForPublicIP": {
            "value": "publicipname"
        },
        "scriptFile": {
            "value": "scripFileinaBlobAccount"
        },
        "scriptName": {
            "value": "scriptName"
        }
   }
}
