{
  "$schema": "https://schema.management.azure.com/schemas/2015-01-01/deploymentTemplate.json#",
  "contentVersion": "1.0.0.0",
  "parameters": {
    "adminUsername": {
      "type": "string",
      "metadata": {
        "description": "Username for the Virtual Machine."
      }
    },
    "adminPassword": {
      "type": "securestring",
      "metadata": {
        "description": "Password for the Virtual Machine."
      }
    },
    "location": {
      "type": "string",
      "metadata": {
        "description": "The location where the Virtual Machine will be deployed."
      },
      "allowedValues": [
        "Australia East",
        "Australia Southeast",
        "Brazil South",
        "Central US",
        "East Asia",
        "East US",
        "East US 2",
        "Japan East",
        "Japan West",
        "North Central US",
        "North Europe",
        "South Central US",
        "Southeast Asia",
        "West Europe",
        "West US"
      ]
    },
    "newStorageAccountName": {
      "type": "string",
      "metadata": {
        "description": "Unique DNS Name for the Storage Account where the Virtual Machine's disks will be placed."
      }
    },
    "vmName": {
      "type": "string",
      "metadata": {
        "description": "Name of the vm, will be used as DNS Name for the Public IP used to access the Virtual Machine."
      }
    },
    "vmSize": {
      "type": "string",
      "defaultValue": "Standard_D1",
      "metadata": {
        "description": "VM size"
      },
      "allowedValues": [
        "Standard_D1",
        "Standard_D2",
        "Standard_D3",
        "Standard_D4",
        "Standard_D11",
        "Standard_D12",
        "Standard_D13",
        "Standard_D14"
      ]
    },
    "ubuntuOSVersion": {
      "type": "string",
      "defaultValue": "14.04.2-LTS",
      "metadata": {
        "description": "The Ubuntu version"
      },
      "allowedValues": [
        "14.04.2-LTS",
        "15.04",
        "14.10"
      ]
    },
    "userName": {
      "type": "string",
      "metadata": {
        "description": "The user name whose password you want to change"
      }
    },
    "password": {
      "type": "securestring",
      "defaultValue": "",
      "metadata": {
        "description": "The new password"
      }
    },
    "sshKey": {
      "type": "string",
      "defaultValue": "",
      "metadata": {
        "description": "The new public key"
      }
    },
    "resetSSH": {
      "type": "bool",
      "defaultValue": false,
      "allowedValues": [
        true,
        false
      ],
      "metadata": {
        "description": "Whether to reset ssh"
      }
    },
    "userNameToRemove": {
      "type": "string",
      "defaultValue": "",
      "metadata": {
        "description": "The user name you want to remove"
      }
    }
  },
  "variables": {
    "api-version": "2015-06-15",
    "virtualNetworkName": "vnet-vmaccess",
    "nicName": "[parameters('vmName')]",
    "publicIPAddressName": "[parameters('vmName')]",
    "vnetAddressPrefix": "10.0.0.0/16",
    "subnetName": "VMAccess",
    "subnetPrefix": "10.0.0.0/24",
    "publicIPAddressType": "Dynamic",
    "vnetID": "[resourceId('Microsoft.Network/virtualNetworks',variables('virtualNetworkName'))]",
    "subnetRef": "[concat(variables('vnetID'),'/subnets/',variables('subnetName'))]",
    "vmStorageAccountContainerName": "vhds",
    "storageAccountType": "Standard_LRS",
    "imagePublisher": "Canonical",
    "imageOffer": "UbuntuServer",
    "OSDiskName": "osdiskforvmaccess",
    "extensionName": "VMAccess"
  },
  "resources": [
    {
      "apiVersion": "[variables('api-version')]",
      "type": "Microsoft.Storage/storageAccounts",
      "name": "[parameters('newStorageAccountName')]",
      "location": "[parameters('location')]",
      "properties": {
        "accountType": "[variables('storageAccountType')]"
      }
    },
    {
      "apiVersion": "[variables('api-version')]",
      "type": "Microsoft.Network/publicIPAddresses",
      "name": "[variables('publicIPAddressName')]",
      "location": "[parameters('location')]",
      "properties": {
        "publicIPAllocationMethod": "[variables('publicIPAddressType')]",
        "dnsSettings": {
          "domainNameLabel": "[parameters('vmName')]"
        }
      }
    },
    {
      "apiVersion": "[variables('api-version')]",
      "type": "Microsoft.Network/virtualNetworks",
      "name": "[variables('virtualNetworkName')]",
      "location": "[parameters('location')]",
      "properties": {
        "addressSpace": {
          "addressPrefixes": [
            "[variables('vnetAddressPrefix')]"
          ]
        },
        "subnets": [
          {
            "name": "[variables('subnetName')]",
            "properties": {
              "addressPrefix": "[variables('subnetPrefix')]"
            }
          }
        ]
      }
    },
    {
      "apiVersion": "[variables('api-version')]",
      "type": "Microsoft.Network/networkInterfaces",
      "name": "[variables('nicName')]",
      "location": "[parameters('location')]",
      "dependsOn": [
        "[concat('Microsoft.Network/publicIPAddresses/', variables('publicIPAddressName'))]",
        "[concat('Microsoft.Network/virtualNetworks/', variables('virtualNetworkName'))]"
      ],
      "properties": {
        "ipConfigurations": [
          {
            "name": "ipconfig1",
            "properties": {
              "privateIPAllocationMethod": "Dynamic",
              "publicIPAddress": {
                "id": "[resourceId('Microsoft.Network/publicIPAddresses',variables('publicIPAddressName'))]"
              },
              "subnet": {
                "id": "[variables('subnetRef')]"
              }
            }
          }
        ]
      }
    },
    {
      "apiVersion": "[variables('api-version')]",
      "type": "Microsoft.Compute/virtualMachines",
      "name": "[parameters('vmName')]",
      "location": "[parameters('location')]",
      "dependsOn": [
        "[concat('Microsoft.Storage/storageAccounts/', parameters('newStorageAccountName'))]",
        "[concat('Microsoft.Network/networkInterfaces/', variables('nicName'))]"
      ],
      "properties": {
        "hardwareProfile": {
          "vmSize": "[parameters('vmSize')]"
        },
        "osProfile": {
          "computerName": "[parameters('vmName')]",
          "adminUsername": "[parameters('adminUsername')]",
          "adminPassword": "[parameters('adminPassword')]"
        },
        "storageProfile": {
          "imageReference": {
            "publisher": "[variables('imagePublisher')]",
            "offer": "[variables('imageOffer')]",
            "sku": "[parameters('ubuntuOSVersion')]",
            "version": "latest"
          },
          "osDisk": {
            "name": "osdisk1",
            "vhd": {
              "uri": "[concat('http://',parameters('newStorageAccountName'),'.blob.core.windows.net/',variables('vmStorageAccountContainerName'),'/',variables('OSDiskName'),'.vhd')]"
            },
            "caching": "ReadWrite",
            "createOption": "FromImage"
          }
        },
        "networkProfile": {
          "networkInterfaces": [
            {
              "id": "[resourceId('Microsoft.Network/networkInterfaces',variables('nicName'))]"
            }
          ]
        },
        "diagnosticsProfile": {
          "bootDiagnostics": {
             "enabled": "true",
             "storageUri": "[concat('http://',parameters('newStorageAccountName'),'.blob.core.windows.net')]"
          }
        }
      }
    },
    {
      "apiVersion": "[variables('api-version')]",
      "type": "Microsoft.Compute/virtualMachines/extensions",
      "name": "[concat(parameters('vmName'),'/enablevmaccess')]",
      "location": "[parameters('location')]",
      "dependsOn": [
        "[concat('Microsoft.Compute/virtualMachines/', parameters('vmName'))]"
      ],
      "properties": {
        "publisher": "Microsoft.OSTCExtensions",
        "type": "VMAccessForLinux",
        "typeHandlerVersion": "1.1",
        "settings": {},
        "protectedSettings": {
          "username": "[parameters('userName')]",
          "password": "[parameters('password')]",
          "reset_ssh": "[parameters('resetSSH')]",
          "ssh_key": "[parameters('sshKey')]",
          "remove_user": "[parameters('userNameToRemove')]"
        }
      }
    }
  ]
}
