{
  "$schema": "http://schema.management.azure.com/schemas/2015-01-01/deploymentParameters.json#",
  "contentVersion": "1.0.0.0",
  "parameters": {
    "adminUsername": {
      "value": "azureuser"
    },
    "adminPassword": {
      "value": "GEN-PASSWORD"
    },
    "location": {
      "value": "West US"
    },
    "newStorageAccountName": {
      "value": "GEN-UNIQUE"
    },
    "vmName": {
      "value": "binxi-vmaccess"
    },
    "vmSize": {
      "value": "Standard_D1"
    },
    "ubuntuOSVersion": {
      "value": "14.04.2-LTS"
    },
    "userName": {
      "value": "azureuser123"
    },
    "password": {
      "value": "GEN-PASSWORD"
    },
    "sshKey": {
      "value": "GEN-SSH-PUB-KEY"
    },
    "resetSSH": {
      "value": false
    }
  }
}
