{
  "adminUsername": {
    "value": "azureuser"
  },
  "adminPassword": {
    "value": "User@123"
  },
  "location": {
    "value": "West US"
  },
  "newStorageAccountName": {
    "value": "storagevmaccess"
  },
  "vmName": {
    "value": "binxi-vmaccess"
  },
  "vmSize": {
    "value": "Standard_D1"
  },
  "ubuntuOSVersion": {
    "value": "14.04.2-LTS"
  },
  "userName": {
    "value": "azureuser123"
  },
  "password": {
    "value": "User@123"
  },
  "sshKey": {
    "value": ""
  },
  "resetSSH": {
    "value": false
  },
  "userNameToRemove": {
    "value": ""
  }
}
