{
  "username": {
    "value": "yourusername"
  },
  "password": {
    "value": "yourpassword"
  },
  "location": {
    "value": "West US"
  },
  "newStorageAccountName": {
    "value": "uniquestorageaccount"
  },
  "vmName": {
    "value": "yourvmname"
  },
  "vmSize": {
    "value": "Standard_D1"
  },
  "ubuntuOSVersion": {
    "value": "14.04.3-LTS"
  },
  "mode": {
    "value": "Pull"
  },
  "storageAccountName": {
    "value": "yourstorageaccountname"
  },
  "storageAccountKey": {
    "value": "yourstorageaccountkey"
  },
  "containerName": {
    "value": "yourcontainername"
  },
  "mofFileName": {
    "value": "your.meta.mof"
  }
}
