{
  "$schema": "http://schema.management.azure.com/schemas/2015-01-01/deploymentParameters.json#",
  "contentVersion": "1.0.0.0",
  "parameters": {
    "platformAdminFirstName": {
      "value": ""
    },
    "platformAdminLastName": {
      "value": ""
    },
    "platformAdminEmailAddress": {
      "value": ""
    },
    "platformAdminPassword": {
      "value": ""
    },
    "newStorageAccountName": {
      "value": ""
    },
    "adminUsername": {
      "value": ""
    },
    "adminPassword": {
      "value": ""
    },
    "location": {
      "value": ""
    },
    "storageAccountType": {
      "value": "Standard_LRS"
    },
    "vmSize": {
      "value": "Standard_A0"
    },
    "vmName": {
      "value": "apprendaexpress60test"
    }
  }
}
