{
  "$schema": "http://schema.management.azure.com/schemas/2015-01-01/deploymentParameters.json#",
  "contentVersion": "1.0.0.0",
  "parameters": {
    "location": {
      "value": "West US"
    },
    "addressPrefix": {
      "value": "10.0.0.0/16"
    },
    "subnetPrefix": {
      "value": "10.0.0.0/24"
    },
    "skuName": {
      "value": "Standard_Small"
    },
    "capacity": {
      "value": 2
    },
    "backendIpAddress1": {
      "value": "10.0.1.10"
    },
    "backendIpAddress2": {
      "value": "10.0.1.11"
    },
    "certData": {
      "value": ""
    },
    "certPassword": {
      "value": ""
    }	
  }
}