{
  "$schema": "http://schema.management.azure.com/schemas/2015-01-01/deploymentParameters.json#",
  "contentVersion": "1.0.0.0",
  "parameters": {
    "newStorageAccountName": {
      "value": "GEN-UNIQUE"
    },
    "storageAccountType": {
      "value": "Standard_GRS"
    },
    "location": {
      "value": "West US"
    },
    "adminUsername": {
      "value": "azureuser"
    },
    "adminPassword": {
      "value": "GEN-PASSWORD"
    },
    "adVMSize": {
      "value": "Standard_D2"
    },
    "domainName": {
      "value": "mydomain.local"
    },
    "addnsName": {
      "value": "GEN-UNIQUE"
    },
    "assetLocation": {
      "value": "https://github.com/Azure/azure-quickstart-templates/raw/master/active-directory-new-domain/"
    }
  }
}
