{
  "$schema": "http://schema.management.azure.com/schemas/2015-01-01/deploymentParameters.json#",
  "contentVersion": "1.0.0.0",
  "parameters": {
    "newStorageAccountName": {
      "value": "myStorageAccount"
    },
    "adminUsername": {
      "value": "admin123"
    },
    "adminPassword": {
      "value": "ADmin123"
    },
    "dnsNameForPublicIP": {
      "value": "[concat('dns', uniqueString(resourceGroup().id))]"
    },
    "existingdiagnosticsStorageAccountName": {
      "value": "myDiagnosticsStorageAccount"
    },
    "existingdiagnosticsStorageResourceGroup": {
      "value": "myDiagnosticsResourceGroup"
    }
  }
}
