{
    "$schema": "http://schema.management.azure.com/schemas/2015-01-01/deploymentParameters.json#",
    "contentVersion": "1.0.0.0",
    "parameters": {
        "location": {
            "value": "West US"
        },
        "newStorageAccountName": {
            "value": "GEN-UNIQUE"
        },
        "adminUsername": {
            "value": "yourusername"
        },
        "adminPassword": {
            "value": "GEN-PASSWORD"
        },
        "uniqueDnsPrefixForVM": {
            "value": "GEN-UNIQUE"
        },
        "vmNamePrefix": {
            "value": "routedemo5VM"
        }
    }
}
