{
  "itemDisplayName": "2 VMs in a Load Balancer and load balancing rules",
  "description": "This template allows you to create 2 Virtual Machines under a Load balancer and configure a load balancing rule on Port 80. This template also deploys a Storage Account, Virtual Network, Public IP address, Availability Set and Network Interfaces. In this template, we use the resource loops capability to create the network interfaces and virtual machines",
  "summary": "2 VMs in a Load Balancer and Load Balancer rules",
  "githubUsername": "ypitsch",
  "dateUpdated": "2015-04-28"
}
