{
  "$schema": "http://schema.management.azure.com/schemas/2015-01-01/deploymentParameters.json#",
  "contentVersion": "1.0.0.0",
  "parameters": {
    "networkInterfaceName": {
      "value": "Contoso-Nic-BE"
    },
    "loadBalancerName": {
      "value": "contosoILB"
    },
    "vmName": {
      "value": "BackendVM"
    },
    "virtualNetworkName": {
      "value": "ContosoVnet"
    },
    "storageAccountName": {
      "value": "GEN-UNIQUE"
    },
    "adminUsername": {
      "value" : "admin123"
    },
    "adminPassword": {
      "value" : "GEN-PASSWORD"
    }
  }
}
