{
    "$schema": "http://schema.management.azure.com/schemas/2015-01-01/deploymentTemplate.json",
    "contentVersion": "1.0.0.0",
    "parameters": {
        "location1": {
            "type": "string",
            "metadata": {
                "description": "Location where first VNET, Gateway, PublicIP and Connection will be deployed."
            }
        },
        "location2": {
            "type": "string",
            "metadata": {
                "description": "Location where second VNET, Gateway, PublicIP and Connection will be deployed."
            }
        },
        "virtualNetworkName1": {
            "type": "string",
            "metadata": {
                "description": "Name of the first VNET."
            }
        },
        "addressPrefix1": {
            "type": "string",
            "metadata": {
                "description": "Address space for the first VNET."
            }
        },
        "subnet1Name1": {
            "type": "string",
            "defaultValue": "Subnet-1",
            "metadata": {
                "description": "Name of the first subnet in the first VNET. Please note, an additional subnet called GatewaySubnet will be created where the VirtualNetworkGateway will be deployed. The name of that subnet must not be changed from GatewaySubnet."
            }
        },
        "subnet1Prefix1": {
            "type": "string",
            "metadata": {
                "description": "The prefix for the first subnet in the first VNET."
            }
        },
        "gatewaySubnetPrefix1": {
            "type": "string",
            "metadata": {
                "description": "The prefix for the GatewaySubnet where the first VirtualNetworkGateway will be deployed. This must be at least /29."
            }
        },
        "gatewayPublicIPName1": {
            "type": "string",
            "metadata": {
                "description": "The name of the PublicIP attached to the first VirtualNetworkGateway."
            }
        },
        "gatewayName1": {
            "type": "string",
            "metadata": {
                "description": "The name of the first VirtualNetworkGateway."
            }
        },
        "connectionName1": {
            "type": "string",
            "metadata": {
                "description": "The name of the first connection, connecting the first VirtualNetworkGateway to the second VirtualNetworkGateway."
            }
        },
        "virtualNetworkName2": {
            "type": "string",
            "metadata": {
                "description": "Name of the second VNET."
            }
        },
        "addressPrefix2": {
            "type": "string",
            "metadata": {
                "description": "Address space for the second VNET."
            }
        },
        "subnet1Name2": {
            "type": "string",
            "defaultValue": "Subnet-1",
            "metadata": {
                "description": "Name of the first subnet in the second VNET. Please note, an additional subnet called GatewaySubnet will be created where the VirtualNetworkGateway will be deployed. The name of that subnet must not be changed from GatewaySubnet."
            }
        },
        "subnet1Prefix2": {
            "type": "string",
            "metadata": {
                "description": "The prefix for the first subnet in the second VNET."
            }
        },
        "gatewaySubnetPrefix2": {
            "type": "string",
            "metadata": {
                "description": "The prefix for the GatewaySubnet where the second VirtualNetworkGateway will be deployed. This must be at least /29."
            }
        },
        "gatewayPublicIPName2": {
            "type": "string",
            "metadata": {
                "description": "The name of the PublicIP attached to the second VirtualNetworkGateway."
            }
        },
        "gatewayName2": {
            "type": "string",
            "metadata": {
                "description": "The name of the second VirtualNetworkGateway."
            }
        },
        "connectionName2": {
            "type": "string",
            "metadata": {
                "description": "The name of the second connection, connecting the second VirtualNetworkGateway to the first VirtualNetworkGateway."
            }
        },
        "sharedKey": {
            "type": "string",
            "metadata": {
                "description": "The shared key used to establish connection between the two VirtualNetworkGateways."
            }
        }
    },
    "variables": {
        "apiVersion": "2015-05-01-preview",
        "vnetID1": "[resourceId('Microsoft.Network/virtualNetworks',parameters('virtualNetworkName1'))]",
        "gatewaySubnetRef1": "[concat(variables('vnetID1'),'/subnets/','GatewaySubnet')]",
        "vnetID2": "[resourceId('Microsoft.Network/virtualNetworks',parameters('virtualNetworkName2'))]",
        "gatewaySubnetRef2": "[concat(variables('vnetID2'),'/subnets/','GatewaySubnet')]"
    },
    "resources": [
        {
            "apiVersion": "[variables('apiVersion')]",
            "type": "Microsoft.Network/virtualNetworks",
            "name": "[parameters('virtualNetworkName1')]",
            "location": "[parameters('location1')]",
            "properties": {
                "addressSpace": {
                    "addressPrefixes": [
                        "[parameters('addressPrefix1')]"
                    ]
                },
                "subnets": [
                    {
                        "name": "[parameters('subnet1Name1')]",
                        "properties": {
                            "addressPrefix": "[parameters('subnet1Prefix1')]"
                        }
                    },
                    {
                        "name": "GatewaySubnet",
                        "properties": {
                            "addressPrefix": "[parameters('gatewaySubnetPrefix1')]"
                        }
                    }
                ]
            }
        },
        {
            "apiVersion": "[variables('apiVersion')]",
            "type": "Microsoft.Network/virtualNetworks",
            "name": "[parameters('virtualNetworkName2')]",
            "location": "[parameters('location2')]",
            "properties": {
                "addressSpace": {
                    "addressPrefixes": [
                        "[parameters('addressPrefix2')]"
                    ]
                },
                "subnets": [
                    {
                        "name": "[parameters('subnet1Name2')]",
                        "properties": {
                            "addressPrefix": "[parameters('subnet1Prefix2')]"
                        }
                    },
                    {
                        "name": "GatewaySubnet",
                        "properties": {
                            "addressPrefix": "[parameters('gatewaySubnetPrefix2')]"
                        }
                    }
                ]
            }
        },
        {
            "apiVersion": "[variables('apiVersion')]",
            "type": "Microsoft.Network/publicIPAddresses",
            "name": "[parameters('gatewayPublicIPName1')]",
            "location": "[parameters('location1')]",
            "properties": {
                "publicIPAllocationMethod": "Dynamic"
            }
        },
        {
            "apiVersion": "[variables('apiVersion')]",
            "type": "Microsoft.Network/publicIPAddresses",
            "name": "[parameters('gatewayPublicIPName2')]",
            "location": "[parameters('location2')]",
            "properties": {
                "publicIPAllocationMethod": "Dynamic"
            }
        },
        {
            "apiVersion": "[variables('apiVersion')]",
            "type": "Microsoft.Network/virtualNetworkGateways",
            "name": "[parameters('gatewayName1')]",
            "location": "[parameters('location1')]",
            "dependsOn": [
                "[concat('Microsoft.Network/publicIPAddresses/', parameters('gatewayPublicIPName1'))]",
                "[concat('Microsoft.Network/virtualNetworks/', parameters('virtualNetworkName1'))]"
            ],
            "properties": {
                "ipConfigurations": [
                    {
                        "properties": {
                            "privateIPAllocationMethod": "Dynamic",
                            "subnet": {
                                "id": "[variables('gatewaySubnetRef1')]"
                            },
                            "publicIPAddress": {
                                "id": "[resourceId('Microsoft.Network/publicIPAddresses',parameters('gatewayPublicIPName1'))]"
                            }
                        },
                        "name": "vnetGatewayConfig1"
                    }
                ],
                "gatewayType": "Vpn",
                "vpnType": "RouteBased",
                "enableBgp": "false"
            }
        },
        {
            "apiVersion": "[variables('apiVersion')]",
            "type": "Microsoft.Network/virtualNetworkGateways",
            "name": "[parameters('gatewayName2')]",
            "location": "[parameters('location2')]",
            "dependsOn": [
                "[concat('Microsoft.Network/publicIPAddresses/', parameters('gatewayPublicIPName2'))]",
                "[concat('Microsoft.Network/virtualNetworks/', parameters('virtualNetworkName2'))]"
            ],
            "properties": {
                "ipConfigurations": [
                    {
                        "properties": {
                            "privateIPAllocationMethod": "Dynamic",
                            "subnet": {
                                "id": "[variables('gatewaySubnetRef2')]"
                            },
                            "publicIPAddress": {
                                "id": "[resourceId('Microsoft.Network/publicIPAddresses',parameters('gatewayPublicIPName2'))]"
                            }
                        },
                        "name": "vnetGatewayConfig2"
                    }
                ],
                "gatewayType": "Vpn",
                "vpnType": "RouteBased",
                "enableBgp": "false"
            }
        },
        {
            "apiVersion": "[variables('apiVersion')]",
            "type": "Microsoft.Network/connections",
            "name": "[parameters('connectionName1')]",
            "location": "[parameters('location1')]",
            "dependsOn": [
                "[concat('Microsoft.Network/virtualNetworkGateways/', parameters('gatewayName1'))]",
                "[concat('Microsoft.Network/virtualNetworkGateways/', parameters('gatewayName2'))]"
            ],
            "properties": {
                "virtualNetworkGateway1": {
                    "id": "[resourceId('Microsoft.Network/virtualNetworkGateways',parameters('gatewayName1'))]"
                },
                "virtualNetworkGateway2": {
                    "id": "[resourceId('Microsoft.Network/virtualNetworkGateways',parameters('gatewayName2'))]"
                },
                "connectionType": "Vnet2Vnet",
                "routingWeight": 3,
                "sharedKey": "[parameters('sharedKey')]"
            }
        },
        {
            "apiVersion": "[variables('apiVersion')]",
            "type": "Microsoft.Network/connections",
            "name": "[parameters('connectionName2')]",
            "location": "[parameters('location2')]",
            "dependsOn": [
                "[concat('Microsoft.Network/virtualNetworkGateways/', parameters('gatewayName1'))]",
                "[concat('Microsoft.Network/virtualNetworkGateways/', parameters('gatewayName2'))]"
            ],
            "properties": {
                "virtualNetworkGateway1": {
                    "id": "[resourceId('Microsoft.Network/virtualNetworkGateways',parameters('gatewayName2'))]"
                },
                "virtualNetworkGateway2": {
                    "id": "[resourceId('Microsoft.Network/virtualNetworkGateways',parameters('gatewayName1'))]"
                },
                "connectionType": "Vnet2Vnet",
                "routingWeight": 3,
                "sharedKey": "[parameters('sharedKey')]"
            }
        }
    ]
}