{
  "$schema": "http://schema.management.azure.com/schemas/2015-01-01/deploymentParameters.json#",
  "contentVersion": "1.0.0.0",
  "parameters": {
    "siteName": {
      "value": "ExampleWebAppWithSQL"
    },
    "hostingPlanName": {
      "value": "NewServiceAppPlan"
    },
    "siteLocation": {
      "value": "East US"
    },
    "serverName": {
      "value": "lowercasenewserver"
    },
    "serverLocation": {
      "value": "East US"
    },
    "administratorLogin": {
      "value": "NewAdmin"
    },
    "administratorLoginPassword": {
      "value": "GEN-PASSWORD"
    },
    "databaseName": {
      "value": "ExampleDatabase"
    }
  }
}
