{
  "itemDisplayName": "Deploy a simple Windows VM with tags",
  "description": "This template allows you to deploy a simple Windows VM with tags using a few different options for the Windows version, using the latest patched version. This will deploy in West US on a D1 VM Size. This will include tags on the Virtual Machine, Storage Account, Publib IP, and the Virtual Network.",
  "summary": "This template takes a minimum amount of parameters and deploys a Windows VM with tags, using the latest patched version.",
  "githubUsername": "mmccrory",
  "dateUpdated": "2015-12-21"
}
