{
    "$schema": "http://schema.management.azure.com/schemas/2015-01-01/deploymentParameters.json#",
    "contentVersion": "1.0.0.0",
    "parameters": {
        "location": {
            "value": "West US"
        },
        "newStorageAccountName": {
            "value": "multitierSvc5"
        },
        "newDBStorageAccountName":
        {
            "value": "multitierSvcdb5"
        },
        "adminUsername": {
            "value": "narayan"
        },
        "adminPassword": {
            "value": "rdPa$$w0rd"
        }
    }
}