{
  "$schema": "https://schema.management.azure.com/schemas/2015-01-01/deploymentTemplate.json#",
  "contentVersion": "1.0.0.0",
  "parameters": {
    "dnsLabelPrefix": {
      "type": "string",
      "metadata": {
        "description": "Unique DNS Name for the Storage Account where the Virtual Machine's disks will be placed."
      }
    },
    "adminUsername": {
      "type": "string",
      "metadata": {
        "description": "Username for the Virtual Machine."
      }
    },
    "adminPassword": {
      "type": "securestring",
      "metadata": {
        "description": "Password for the Virtual Machine."
      }
    },
    "vmSize": {
      "type": "string",
      "metadata": {
        "description": "Size of VM"
      }
    },
    "sizeOfEachDataDiskInGB": {
      "type": "string",
      "metadata": {
        "description": "Size of each data disk in GB"
      }
    }
  },
  "variables": {
    "storageAccountName": "[concat(uniquestring(resourceGroup().id), 'saddiskvm')]",
    "location": "[resourceGroup().location]",
    "addressPrefix": "10.0.0.0/16",
    "subnet1Name": "Subnet-1",
    "subnet1Prefix": "10.0.0.0/24",
    "vmStorageAccountContainerName": "vhds",
    "imagePublisher": "MicrosoftWindowsServer",
    "imageOffer": "WindowsServer",
    "imageSKU": "2012-Datacenter",
    "imageVersion": "latest",
    "publicIPAddressName": "myPublicIP",
    "publicIPAddressType": "Dynamic",
    "storageAccountType": "Standard_LRS",
    "virtualNetworkName": "myVNET",
    "vmName": "myVM",
    "vnetID": "[resourceId('Microsoft.Network/virtualNetworks',variables('virtualNetworkName'))]",
    "nicName": "myNIC",
    "subnet1Ref": "[concat(variables('vnetID'),'/subnets/',variables('subnet1Name'))]",
    "dataDisk1VhdName": "[concat('http://',variables('storageAccountName'),'.blob.core.windows.net/',variables('vmStorageAccountContainerName'),'/',variables('vmName'),'dataDisk1.vhd')]",
    "dataDisk2VhdName": "[concat('http://',variables('storageAccountName'),'.blob.core.windows.net/',variables('vmStorageAccountContainerName'),'/',variables('vmName'),'dataDisk2.vhd')]",
    "dataDisk3VhdName": "[concat('http://',variables('storageAccountName'),'.blob.core.windows.net/',variables('vmStorageAccountContainerName'),'/',variables('vmName'),'dataDisk3.vhd')]",
    "dataDisk4VhdName": "[concat('http://',variables('storageAccountName'),'.blob.core.windows.net/',variables('vmStorageAccountContainerName'),'/',variables('vmName'),'dataDisk4.vhd')]",
    "apiVersion": "2015-06-15"
  },
  "resources": [
    {
      "type": "Microsoft.Storage/storageAccounts",
      "name": "[variables('storageAccountName')]",
      "apiVersion": "[variables('apiVersion')]",
      "location": "[variables('location')]",
      "properties": {
        "accountType": "[variables('storageAccountType')]"
      }
    },
    {
      "apiVersion": "[variables('apiVersion')]",
      "type": "Microsoft.Network/publicIPAddresses",
      "name": "[variables('publicIPAddressName')]",
      "location": "[variables('location')]",
      "properties": {
        "publicIPAllocationMethod": "[variables('publicIPAddressType')]",
        "dnsSettings": {
          "domainNameLabel": "[parameters('dnsLabelPrefix')]"
        }
      }
    },
    {
      "apiVersion": "[variables('apiVersion')]",
      "type": "Microsoft.Network/virtualNetworks",
      "name": "[variables('virtualNetworkName')]",
      "location": "[variables('location')]",
      "properties": {
        "addressSpace": {
          "addressPrefixes": [
            "[variables('addressPrefix')]"
          ]
        },
        "subnets": [
          {
            "name": "[variables('subnet1Name')]",
            "properties": {
              "addressPrefix": "[variables('subnet1Prefix')]"
            }
          }
        ]
      }
    },
    {
      "apiVersion": "[variables('apiVersion')]",
      "type": "Microsoft.Network/networkInterfaces",
      "name": "[variables('nicName')]",
      "location": "[variables('location')]",
      "dependsOn": [
        "[concat('Microsoft.Network/publicIPAddresses/', variables('publicIPAddressName'))]",
        "[concat('Microsoft.Network/virtualNetworks/', variables('virtualNetworkName'))]"
      ],
      "properties": {
        "ipConfigurations": [
          {
            "name": "ipconfig1",
            "properties": {
              "privateIPAllocationMethod": "Dynamic",
              "publicIPAddress": {
                "id": "[resourceId('Microsoft.Network/publicIPAddresses',variables('publicIPAddressName'))]"
              },
              "subnet": {
                "id": "[variables('subnet1Ref')]"
              }
            }
          }
        ]
      }
    },
    {
      "apiVersion": "2015-06-15",
      "type": "Microsoft.Compute/virtualMachines",
      "name": "[variables('vmName')]",
      "location": "[variables('location')]",
      "dependsOn": [
        "[concat('Microsoft.Storage/storageAccounts/', variables('storageAccountName'))]",
        "[concat('Microsoft.Network/networkInterfaces/', variables('nicName'))]"
      ],
      "properties": {
        "hardwareProfile": {
          "vmSize": "[parameters('vmSize')]"
        },
        "osProfile": {
          "computerName": "[variables('vmName')]",
          "adminUsername": "[parameters('adminUsername')]",
          "adminPassword": "[parameters('adminPassword')]"
        },
        "storageProfile": {
          "imageReference": {
            "publisher": "[variables('imagePublisher')]",
            "offer": "[variables('imageOffer')]",
            "sku": "[variables('imageSKU')]",
            "version": "[variables('imageVersion')]"
          },
          "dataDisks": [
            {
              "name": "datadisk1",
              "diskSizeGB": "[parameters('sizeOfEachDataDiskInGB')]",
              "lun": 0,
              "vhd": {
                "Uri": "[variables('dataDisk1VhdName')]"
              },
              "createOption": "Empty"
            },
            {
              "name": "datadisk2",
              "diskSizeGB": "[parameters('sizeOfEachDataDiskInGB')]",
              "lun": 1,
              "vhd": {
                "Uri": "[variables('dataDisk2VhdName')]"
              },
              "createOption": "Empty"
            },
            {
              "name": "datadisk3",
              "diskSizeGB": "[parameters('sizeOfEachDataDiskInGB')]",
              "lun": 2,
              "vhd": {
                "Uri": "[variables('dataDisk3VhdName')]"
              },
              "createOption": "Empty"
            },
            {
              "name": "datadisk4",
              "diskSizeGB": "[parameters('sizeOfEachDataDiskInGB')]",
              "lun": 3,
              "vhd": {
                "Uri": "[variables('dataDisk4VhdName')]"
              },
              "createOption": "Empty"
            }
          ],
          "osDisk": {
            "name": "osdisk1",
            "vhd": {
              "uri": "[concat('http://',variables('storageAccountName'),'.blob.core.windows.net/',variables('vmStorageAccountContainerName'),'/','osdisk1.vhd')]"
            },
            "caching": "ReadWrite",
            "createOption": "FromImage"
          }
        },
        "networkProfile": {
          "networkInterfaces": [
            {
              "id": "[resourceId('Microsoft.Network/networkInterfaces',variables('nicName'))]"
            }
          ]
        },
        "diagnosticsProfile": {
          "bootDiagnostics": {
             "enabled": "true",
             "storageUri": "[concat('http://',variables('storageAccountName'),'.blob.core.windows.net')]"
          }
        }
      }
    }
  ]
}
