{
    "$schema": "http://schema.management.azure.com/schemas/2015-01-01/deploymentParameters.json#",
    "contentVersion": "1.0.0.0",
    "parameters": {
        "redisCacheName": {
            "value": "CacheName"
        },
        "redisCacheLocation": {
            "value": "West US"
        },
        "rdbBackupStorageConnectionString": {
            "value": "connectionstring"
        },
        "existingDiagnosticsStorageAccountName": {
            "value": "ExistingStorageAccount"
        }
    }
}