{
  "$schema": "https://schema.management.azure.com/schemas/2015-01-01/deploymentTemplate.json#",
  "contentVersion": "1.0.0.0",
  "parameters": {
    "vmName": {
      "type": "string",
      "metadata": {
        "description": "Name of the virtual machine"
      }
    },
    "aadClientID": {
      "type": "string",
      "metadata": {
        "description": "Client ID of AAD app which has permissions to KeyVault"
      }
    },
    "aadClientCertThumbprint": {
      "type": "string",
      "metadata": {
        "description": "Thumbprint of the certificate associated with the AAD app which has permissions to KeyVault"
      }
    },
    "keyVaultName": {
      "type": "string",
      "metadata": {
        "description": "Name of the KeyVault to place the volume encryption key"
      }
    },
    "useExistingKek": {
      "type": "string",
      "defaultValue": "nokek",
      "allowedValues": [
        "nokek",
        "kek"
      ],
      "metadata": {
        "description": "Select kek if the secret should be encrypted with a key encryption key and pass explicit keyEncryptionKeyURL. For nokek, you can keep keyEncryptionKeyURL empty."
      }
    },
    "keyEncryptionKeyURL": {
      "type": "string",
      "defaultValue": "",
      "metadata": {
        "description": "URL of the KeyEncryptionKey used to encrypt the volume encryption key"
      }
    },
    "volumeType": {
      "type": "string",
      "defaultValue": "All",
      "metadata": {
        "description": "Type of the volume OS or Data to perform encryption operation"
      }
    },
    "sequenceVersion": {
      "type": "string",
      "defaultValue": "1",
      "metadata": {
        "description": "sequence version of the bitlocker operation. Increment this everytime an operation is performed on the same VM"
      }
    }
  },
  "variables": {
    "extensionName": "AzureDiskEncryption",
    "extensionVersion": "1.0",
    "encryptionOperation": "EnableEncryption",
    "keyEncryptionAlgorithm": "RSA-OAEP",
    "updateVmUrl": "[concat('https://raw.githubusercontent.com/azure/azure-quickstart-templates/master/201-encrypt-running-windows-vm/updatevm-',parameters('useExistingKek'),'.json')]",
    "keyVaultURL": "[concat('https://', parameters('keyVaultName'), '.vault.azure.net/')]",
    "keyVaultResourceID": "[concat(resourceGroup().id,'/providers/Microsoft.KeyVault/vaults/', parameters('keyVaultName'))]"
  },
  "resources": [
    {
      "type": "Microsoft.Compute/virtualMachines/extensions",
      "name": "[concat(parameters('vmName'),'/', variables('extensionName'))]",
      "apiVersion": "2015-06-15",
      "location": "[resourceGroup().location]",
      "properties": {
        "publisher": "Microsoft.Azure.Security",
        "type": "AzureDiskEncryption",
        "typeHandlerVersion": "[variables('extensionVersion')]",
        "settings": {
          "AADClientID": "[parameters('aadClientID')]",
          "AADClientCertThumbprint": "[parameters('aadClientCertThumbprint')]",
          "KeyVaultURL": "[variables('keyVaultURL')]",
          "KeyEncryptionKeyURL": "[parameters('keyEncryptionKeyURL')]",
          "KeyEncryptionAlgorithm": "[variables('keyEncryptionAlgorithm')]",
          "VolumeType": "[parameters('volumeType')]",
          "EncryptionOperation": "[variables('encryptionOperation')]",
          "SequenceVersion": "[parameters('sequenceVersion')]"
        }
      }
    },
    {
      "name": "updatevm",
      "type": "Microsoft.Resources/deployments",
      "apiVersion": "2015-01-01",
      "dependsOn": [
        "[resourceId('Microsoft.Compute/virtualMachines/extensions',  parameters('vmName'), variables('extensionName'))]"
      ],
      "properties": {
        "mode": "Incremental",
        "templateLink": {
          "uri": "[variables('updateVmUrl')]",
          "contentVersion": "1.0.0.0"
        },
        "parameters": {
          "vmName": {
            "value": "[parameters('vmName')]"
          },
          "keyVaultResourceID": {
            "value": "[variables('keyVaultResourceID')]"
          },
          "keyVaultSecretUrl": {
            "value": "[reference(resourceId('Microsoft.Compute/virtualMachines/extensions',  parameters('vmName'), variables('extensionName'))).instanceView.statuses[0].message]"
          },
          "keyEncryptionKeyURL": {
            "value": "[parameters('keyEncryptionKeyURL')]"
          }
        }
      }
    }
  ],
  "outputs": {
    "BitLockerKey": {
      "type": "string",
      "value": "[reference(resourceId('Microsoft.Compute/virtualMachines/extensions',  parameters('vmName'), variables('extensionName'))).instanceView.statuses[0].message]"
    }
  }
}
