{
  "$schema": "http://schema.management.azure.com/schemas/2015-01-01/deploymentParameters.json#",
  "contentVersion": "1.0.0.0",
  "parameters": {
    "existingLabName": {
      "value": "MyLab1"
    },
    "existingVMResourceId": {
      "value": "/subscriptions/xxxxxxxx-xxxx-xxxx-xxxx-xxxxxxxxxxxx/resourceGroups/MyLabRG/providers/Microsoft.DevTestLab/environments/MyVM1"
    },
    "templateName": {
      "value": "MyVMTemplate1"
    },
    "templateDescription": {
      "value": "Some description for the VM template"
    }
  }
}
