{
  "$schema": "http://schema.management.azure.com/schemas/2015-01-01/deploymentParameters.json#",
  "contentVersion": "1.0.0.0",
  "parameters": {
    "newStorageAccountName": {
      "value": "GEN-UNIQUE"
    },
    "adminUsername": {
      "value": "username"
    },
    "adminPassword": {
      "value": "GEN-PASSWORD"
    },
    "dnsNameForPublicIP": {
      "value": "GEN-UNIQUE"
    },
    "vmSize": {
      "value": "Standard_D2"
    },
    "location": {
      "value": "West US"
    }
  }
}
