{
  "itemDisplayName": "Use script extensions to install Mongo DB on Ubuntu VM",
  "description": "This template deploys Configures and Installs Mongo DB on a Ubuntu Virtual Machine in two separate scripts. This template is a good example that showcases how to express dependencies between two scripts running on the same virtual machine. This template also deploys a Storage Account, Virtual Network, Public IP addresses and a Network Interface.",
  "summary": "Execute dependent script extensions",
  "githubUsername": "mahthi",
  "dateUpdated": "2015-04-28"
}
