{
  "$schema": "http://schema.management.azure.com/schemas/2015-01-01/deploymentParameters.json#",
  "contentVersion": "1.0.0.0",
  "parameters": {
    "adminUsername": {
      "value": "admin123"
    },
    "adminPassword": {
      "value": "GEN-PASSWORD"
    },
    "customData": {
      "value": "echo customData"
    },
    "dnsLabelPrefix": {
      "value": "GEN-UNIQUE"
    },
    "location": {
      "value": "West US"
    },
    "vmSize": {
      "value": "Standard_D2"
    },
    "ubuntuOSVersion": {
      "value": "14.04.2-LTS"
    }
  }
}