{
  "$schema": "https://schema.management.azure.com/schemas/2015-01-01/deploymentTemplate.json#",
  "contentVersion": "1.0.0.0",
  "parameters": {
    "location": {
      "type": "string",
      "metadata": {
        "description": "The location where the Virtual Machine will be deployed."
      },
      "allowedValues": [
        "Australia East",
        "Australia Southeast",
        "Brazil South",
        "Central US",
        "East Asia",
        "East US",
        "East US 2",
        "Japan East",
        "Japan West",
        "North Central US",
        "North Europe",
        "South Central US",
        "Southeast Asia",
        "West Europe",
        "West US"
      ]
    },
    "vmSize": {
      "type": "string",
      "allowedValues": [
        "Standard_A1",
        "Standard_A2",
        "Standard_A3",
        "Standard_A4",
        "Standard_D1",
        "Standard_D2",
        "Standard_D3",
        "Standard_D4"
      ],
      "metadata": {
        "description": "Size of vm"
      }
    },
    "username": {
      "type": "string",
      "metadata": {
        "description": "Username for the Virtual Machine."
      }
    },
    "password": {
      "type": "securestring",
      "metadata": {
        "description": "Password for the Virtual Machine."
      }
    },
    "newStorageAccountName": {
      "type": "string",
      "metadata": {
        "description": "Unique DNS Name for the Storage Account where the Virtual Machine's disks will be placed."
      }
    },
    "dnsNameForPublicIP": {
      "type": "string",
      "metadata": {
        "description": "Unique DNS Name for the Public IP used to access the Virtual Machine."
      }
    },
    "rebootAfterPatch": {
      "type": "string",
      "defaultValue": "Auto",
      "metadata": {
        "description": "The reboot behavior after patching."
      },
      "allowedValues": [
        "RebootIfNeed",
        "Required",
        "NotRequired",
        "Auto"
      ]
    },
    "category": {
      "type": "string",
      "defaultValue": "ImportantAndRecommended",
      "metadata": {
        "description": "Type of patches to install."
      },
      "allowedValues": [
        "Important",
        "ImportantAndRecommended"
      ]
    },
    "installDuration": {
      "type": "string",
      "defaultValue": "01:00",
      "metadata": {
        "description": "The allowed total time for installation."
      }
    },
    "oneoff": {
      "type": "bool",
      "defaultValue": false,
      "metadata": {
        "description": "Patch the OS immediately."
      },
      "allowedValues": [
        true,
        false
      ]
    },
    "dayOfWeek": {
      "type": "string",
      "defaultValue": "Sunday|Wednesday",
      "metadata": {
        "description": "The patching date (of the week)You can specify multiple days in a week."
      }
    },
    "startTime": {
      "type": "string",
      "defaultValue": "03:00",
      "metadata": {
        "description": "Start time of patching."
      }
    },
    "idleTestScript": {
      "type": "string",
      "defaultValue": "",
      "metadata": {
        "description": "The uri of the idle test script"
      }
    },
    "healthyTestScript": {
      "type": "string",
      "defaultValue": "",
      "metadata": {
        "description": "The uri of the healthy test script"
      }
    },
    "storageAccountName": {
      "type": "string",
      "defaultValue": "",
      "metadata": {
        "description": "The name of storage account."
      }
    },
    "storageAccountKey": {
      "type": "string",
      "defaultValue": "",
      "metadata": {
        "description": "The access key of storage account."
      }
    }
  },
  "variables": {
    "extensionName": "OSPatching",
    "scenarioPrefix": "ospatchingLinux",
    "apiVersion": "2015-05-01-preview",
    "imagePublisher": "Canonical",
    "imageOffer": "UbuntuServer",
    "ubuntuOSVersion": "14.04.2-LTS",
    "OSDiskName": "[concat(variables('scenarioPrefix'),'OSDisk')]",
    "nicName": "[concat(variables('scenarioPrefix'),'Nic')]",
    "vnetAddressPrefix": "10.0.0.0/16",
    "subnetName": "[concat(variables('scenarioPrefix'),'Subnet')]",
    "subnetPrefix": "10.0.0.0/24",
    "storageAccountType": "Standard_LRS",
    "publicIPAddressName": "[concat(variables('scenarioPrefix'),'PublicIp')]",
    "publicIPAddressType": "Dynamic",
    "vmStorageAccountContainerName": "vhds",
    "vmName": "[concat(variables('scenarioPrefix'),'VM')]",
    "virtualNetworkName": "[concat(variables('scenarioPrefix'),'Vnet')]",
    "vnetID": "[resourceId('Microsoft.Network/virtualNetworks',variables('virtualNetworkName'))]",
    "subnetRef": "[concat(variables('vnetID'),'/subnets/',variables('subnetName'))]"
  },
  "resources": [
    {
      "type": "Microsoft.Storage/storageAccounts",
      "name": "[parameters('newStorageAccountName')]",
      "apiVersion": "[variables('apiVersion')]",
      "location": "[parameters('location')]",
      "properties": {
        "accountType": "[variables('storageAccountType')]"
      }
    },
    {
      "apiVersion": "[variables('apiVersion')]",
      "type": "Microsoft.Network/publicIPAddresses",
      "name": "[variables('publicIPAddressName')]",
      "location": "[parameters('location')]",
      "properties": {
        "publicIPAllocationMethod": "[variables('publicIPAddressType')]",
        "dnsSettings": {
          "domainNameLabel": "[parameters('dnsNameForPublicIP')]"
        }
      }
    },
    {
      "apiVersion": "[variables('apiVersion')]",
      "type": "Microsoft.Network/virtualNetworks",
      "name": "[variables('virtualNetworkName')]",
      "location": "[parameters('location')]",
      "properties": {
        "addressSpace": {
          "addressPrefixes": [
            "[variables('vnetAddressPrefix')]"
          ]
        },
        "subnets": [
          {
            "name": "[variables('subnetName')]",
            "properties": {
              "addressPrefix": "[variables('subnetPrefix')]"
            }
          }
        ]
      }
    },
    {
      "apiVersion": "[variables('apiVersion')]",
      "type": "Microsoft.Network/networkInterfaces",
      "name": "[variables('nicName')]",
      "location": "[parameters('location')]",
      "dependsOn": [
        "[concat('Microsoft.Network/publicIPAddresses/', variables('publicIPAddressName'))]",
        "[concat('Microsoft.Network/virtualNetworks/', variables('virtualNetworkName'))]"
      ],
      "properties": {
        "ipConfigurations": [
          {
            "name": "ipconfig1",
            "properties": {
              "privateIPAllocationMethod": "Dynamic",
              "publicIPAddress": {
                "id": "[resourceId('Microsoft.Network/publicIPAddresses',variables('publicIPAddressName'))]"
              },
              "subnet": {
                "id": "[variables('subnetRef')]"
              }
            }
          }
        ]
      }
    },
    {
      "apiVersion": "[variables('apiVersion')]",
      "type": "Microsoft.Compute/virtualMachines",
      "name": "[variables('vmName')]",
      "location": "[parameters('location')]",
      "dependsOn": [
        "[concat('Microsoft.Storage/storageAccounts/', parameters('newStorageAccountName'))]",
        "[concat('Microsoft.Network/networkInterfaces/', variables('nicName'))]"
      ],
      "properties": {
        "hardwareProfile": {
          "vmSize": "[parameters('vmSize')]"
        },
        "osProfile": {
          "computerName": "[variables('vmName')]",
          "adminUsername": "[parameters('username')]",
          "adminPassword": "[parameters('password')]"
        },
        "storageProfile": {
          "imageReference": {
            "publisher": "[variables('imagePublisher')]",
            "offer": "[variables('imageOffer')]",
            "sku": "[variables('ubuntuOSVersion')]",
            "version": "latest"
          },
          "osDisk": {
            "name": "osdisk1",
            "vhd": {
              "uri": "[concat('http://',parameters('newStorageAccountName'),'.blob.core.windows.net/',variables('vmStorageAccountContainerName'),'/',variables('OSDiskName'),'.vhd')]"
            },
            "caching": "ReadWrite",
            "createOption": "FromImage"
          }
        },
        "networkProfile": {
          "networkInterfaces": [
            {
              "id": "[resourceId('Microsoft.Network/networkInterfaces',variables('nicName'))]"
            }
          ]
        }
      }
    },
    {
      "type": "Microsoft.Compute/virtualMachines/extensions",
      "name": "[concat(variables('vmName'),'/installospatching')]",
      "apiVersion": "[variables('apiVersion')]",
      "location": "[parameters('location')]",
      "dependsOn": [
        "[concat('Microsoft.Compute/virtualMachines/', variables('vmName'))]"
      ],
      "properties": {
        "publisher": "Microsoft.OSTCExtensions",
        "type": "OSPatchingForLinux",
        "typeHandlerVersion": "2.0",
        "settings": {
          "disabled": false,
          "stop": false,
          "rebootAfterPatch": "[parameters('rebootAfterPatch')]",
          "category":  "[parameters('category')]",
          "installDuration": "[parameters('installDuration')]",
          "oneoff": "[parameters('oneoff')]",
          "intervalOfWeeks": "1",
          "dayOfWeek": "[parameters('dayOfWeek')]",
          "startTime": "[parameters('startTime')]",
          "vmStatusTest": {
            "local": false,
            "idleTestScript": "[parameters('idleTestScript')]",
            "healthyTestScript": "[parameters('healthyTestScript')]"
          }
        },
        "protectedSettings": {
          "storageAccountName": "[parameters('storageAccountName')]",
          "storageAccountKey": "[parameters('storageAccountKey')]"
        }
      }
    }
  ]
}

