{
  "itemDisplayName": "Create a VM with multiple NICs and RDP accessible",
  "description": "This template allows you to create a Virtual Machines with multiple (2) network interfaces (NICs), and RDP connectable with a configured load balancer and an inbound NAT rule. More NICs can easily  be added with this template. This template also deploys a Storage Account, Virtual Network, Public IP address, and 2 Network Interfaces (front-end and back-end).",
  "summary": "Create a VM with multiple network interfaces and RDP accessible",
  "githubUsername": "colincole",
  "dateUpdated": "2015-06-18"
}
