{
    "$schema": "http://schema.management.azure.com/schemas/2015-01-01/deploymentParameters.json#",
    "contentVersion": "1.0.0.0",
    "parameters": {
        "tenantId": {
            "value": "00000000-0000-0000-0000-000000000000"
        },
        "location": {
            "value": "westus"
        },
        "webAppName": {
            "value": "myWebApp"
        },
        "webAppClientId": {
            "value": "00000000-0000-0000-0000-000000000000"
        },
        "logicAppName": {
            "value": "myLogicApp"
        },
        "logicAppClientId": {
            "value": "00000000-0000-0000-0000-000000000000"
        },
        "logicAppClientSecret": {
            "value": "password"
        },
        "svcPlanName": {
            "value": "Plan"
        },
        "sku": {
            "value": "Standard"
        },
        "svcPlanSize": {
            "value": "S1"
        }
    }
}