{
  "$schema": "http://schema.management.azure.com/schemas/2015-01-01/deploymentParameters.json#",
  "contentVersion": "1.0.0.0",
  "parameters": {
    "uniquePrefix": {
      "value": "<<put something here>>"
    },
    "numberOfSAs": {
      "value": 2
    },
    "instanceCountPerSA": {
      "value": 2
    },
    "imageLocation": {
      "value": "<<put something here>>"
    },
    "storageAccountKey": {
      "value": "<<put something here>>"
    },
    "adminUsername": {
      "value": "azureuser"
    },
    "adminPassword": {
      "value": "Password@1"
    }
  }
}
