{
  "$schema": "https://schema.management.azure.com/schemas/2015-01-01/deploymentTemplate.json#",
  "contentVersion": "1.0.0.0",
  "parameters": {
    "location": {
      "type": "string"
    },
    "uniquePrefix": {
      "type": "string"
    },
    "imageLocation": {
      "type": "string"
    },
    "storageAccountKey": {
      "type": "securestring"
    },
    "downloadScriptURI": {
      "type": "string"
    }
  },
  "resources": [
    {
      "type": "Microsoft.Compute/virtualMachines/extensions",
      "name": "[concat('transfer', parameters('uniquePrefix'), 'vm/ext')]",
      "apiVersion": "2015-05-01-preview",
      "location": "[parameters('location')]",
      "properties": {
        "publisher": "Microsoft.OSTCExtensions",
        "type": "CustomScriptForLinux",
        "typeHandlerVersion": "1.4",
        "settings": {
          "fileUris": [
            "[parameters('downloadScriptURI')]"
          ]
        },
        "protectedSettings": {
          "commandToExecute": "[concat('bash download.sh ', parameters('imageLocation'),' ', parameters('storageAccountKey'))]"
        }
      }
    }
  ]
}
