{
  "$schema": "http://schema.management.azure.com/schemas/2015-01-01-preview/deploymentTemplate.json",
  "contentVersion": "1.0.0.0",
  "parameters": {
    "uniquePrefix": {
      "type": "string"
    },
    "numberOfSAs": {
      "type": "int"
    },
    "instanceCountPerSA": {
      "type": "int"
    },
    "vmSize": {
      "type": "string"
    },
    "OSType": {
      "type": "string"
    },
    "blobName": {
      "type": "string"
    },
    "vnetName": {
      "type": "string"
    },
    "addressPrefix": {
      "type": "string"
    },
    "subnetName": {
      "type": "string"
    },
    "subnetPrefix": {
      "type": "string"
    },
    "templateLocation": {
      "type": "string"
    },
    "location": {
      "type": "string"
    },
    "adminUsername": {
      "type": "string"
    },
    "adminPassword": {
      "type": "securestring"
    }
  },
  "variables": {
    "location": "[resourceGroup().location]"
  },
  "resources": [
    {
      "type": "Microsoft.Compute/virtualMachineScaleSets",
      "apiVersion": "2015-06-15",
      "name": "[concat(parameters('uniquePrefix'), padLeft(copyindex(), 2, '0'))]",
      "location": "[parameters('location')]",
      "copy": {
        "name": "deploymentLoop",
        "count": "[parameters('numberOfSAs')]"
      },
      "sku": {
        "name": "[parameters('vmSize')]",
        "tier": "Standard",
        "capacity": "[parameters('instanceCountPerSA')]"
      },
      "properties": {
        "upgradePolicy": {
          "mode": "Manual"
        },
        "virtualMachineProfile": {
          "storageProfile": {
            "osDisk": {
              "name": "vmssosdisk",
              "caching": "ReadOnly",
              "createOption": "FromImage",
              "osType": "[parameters('OSType')]",
              "image": {
                "uri": "[concat('https://',uniqueString(concat(resourceGroup().id, parameters('uniquePrefix'), copyIndex())), parameters('uniquePrefix'),'.blob.core.windows.net/vhds/',parameters('blobName'))]"
              }
            }
          },
          "osProfile": {
            "computerNamePrefix": "[concat(parameters('uniquePrefix'), padLeft(copyindex(), 2, '0'))]",
            "adminUsername": "[parameters('adminUsername')]",
            "adminPassword": "[parameters('adminPassword')]"
          },
          "networkProfile": {
            "networkInterfaceConfigurations": [
              {
                "name": "nic1",
                "properties": {
                  "primary": "true",
                  "ipConfigurations": [
                    {
                      "name": "ip1",
                      "properties": {
                        "subnet": {
                          "id": "[concat('/subscriptions/', subscription().subscriptionId,'/resourceGroups/', resourceGroup().name, '/providers/Microsoft.Network/virtualNetworks/', parameters('vnetName'), '/subnets/', parameters('subnetName'))]"
                        }
                      }
                    }
                  ]
                }
              }
            ]
          }
        }
      }
    }
  ]
}