{
  "$schema": "http://schema.management.azure.com/schemas/2015-01-01-preview/deploymentTemplate.json",
  "contentVersion": "1.0.0.0",
  "parameters": {
    "clusterName": {
      "type": "string"
    },
    "sourceImageURI": {
      "type": "string"
    },
    "baseVHDURI": {
      "type": "string"
    },
    "instanceCountPerSA": {
      "type": "int"
    },
    "vmSize": {
      "type": "string"
    },
    "OSType": {
      "type": "string"
    },
    "vnetName": {
      "type": "string"
    },
    "subnetName": {
      "type": "string"
    },
    "location": {
      "type": "string"
    },
    "adminUsername": {
      "type": "string"
    },
    "adminPassword": {
      "type": "securestring"
    }
  },
  "variables": {
  },
  "resources": [
    {
      "apiVersion": "2015-05-01-preview",
      "type": "Microsoft.Network/networkInterfaces",
      "name": "[concat('nic', parameters('clusterName'), padLeft(copyindex(), 2, '0'))]",
      "location": "[resourceGroup().location]",
      "copy": {
        "name": "[concat('nicLoop', parameters('clusterName'))]",
        "count": "[parameters('instanceCountPerSA')]"
      },
      "properties": {
        "ipConfigurations": [
          {
            "name": "ipconfig1",
            "properties": {
              "privateIPAllocationMethod": "Dynamic",
              "subnet": {
                "id": "[concat('/subscriptions/', subscription().subscriptionId,'/resourceGroups/', resourceGroup().name, '/providers/Microsoft.Network/virtualNetworks/', parameters('vnetName'), '/subnets/', parameters('subnetName'))]"
              }
            }
          }
        ]
      }
    },
    {
      "apiVersion": "2015-05-01-preview",
      "type": "Microsoft.Compute/virtualMachines",
      "name": "[concat('vm', parameters('clusterName'), padLeft(copyIndex(), 2, '0'))]",
      "location": "[resourceGroup().location]",
      "copy": {
        "name": "[concat('virtualMachineLoop', parameters('clusterName'))]",
        "count": "[parameters('instanceCountPerSA')]"
      },
      "dependsOn": [
        "[concat('Microsoft.Network/networkInterfaces/', 'nic', parameters('clusterName'), padLeft(copyindex(), 2, '0'))]"
      ],
      "properties": {
        "hardwareProfile": {
          "vmSize": "[parameters('vmSize')]"
        },
        "osProfile": {
          "computername": "[concat('vm', parameters('clusterName'), padLeft(copyIndex(), 2, '0'))]",
          "adminUsername": "[parameters('adminUsername')]",
          "adminPassword": "[parameters('adminPassword')]"
        },
        "storageProfile": {
          "osDisk": {
            "name": "[concat(parameters('clusterName'),'-osDisk')]",
            "osType": "[parameters('OSType')]",
            "caching": "ReadWrite",
            "createOption": "FromImage",
            "image": {
              "uri": "[parameters('sourceImageURI')]"
            },
            "vhd": {
              "uri": "[concat(parameters('baseVHDURI'),'osdisk', parameters('clusterName'), padLeft(copyIndex(), 2, '0'), '.vhd')]"
            }
          }
        },
        "networkProfile": {
          "networkInterfaces": [
            {
              "id": "[resourceId('Microsoft.Network/networkInterfaces',concat('nic', parameters('clusterName'), padLeft(copyindex(), 2, '0')))]"
            }
          ]
        }
      }
    }
  ]
}