{
    "$schema": "https://schema.management.azure.com/schemas/2015-01-01/deploymentTemplate.json#",
    "contentVersion": "1.0.0.0",
    "parameters": {
        "instanceName": {
            "type": "string",
            "metadata": {
                "description" : "What to call this virtual machine"
            }
        },
        "storageAccount": {
            "type": "string",
            "metadata": {
                "description" : "The storage account in which to create this VM"
            }
        },
        "blockchain": {
            "type": "string",
            "allowedValues" : ["live", "dev"],
            "metadata": {
                "description" : "Which STRATO configuration to enable: 'live' is the Ethereum network; 'dev' is a private developer blockchain"
            }
        },
        "stratoVersion" : {
            "type": "string",
            "allowedValues": ["1.0"],
            "metadata" : {
                "description" : "STRATO version"
            }
        },
        "password" : {
            "type" : "securestring",
            "metadata" : {
                "description" : "Password for admin account 'strato'"
            }
        }
    },
    "variables": {
        "apiVersion" : "2015-06-15",
        "dockerRepo" : "blockapps/strato",
        "dockerUser" : "blockappsuser",
        "dockerPassword" : "blockchain as a service",
        "dockerEmail" : "blockapps.user@gmail.com",
        "dockerImage" : "[concat(variables('dockerRepo'), ':ubuntu-', parameters('blockchain'), '-public-', parameters('stratoVersion'))]",
        "allDockerPorts": {
            "live": ["80:80", "443:443"],
            "dev": ["80:80"]
        },
        "dockerPorts" : "[variables('allDockerPorts')[parameters('blockchain')]]",

        "name" : "[parameters('instanceName')]",
        "location": "centralus",
        "vmSize": "Standard_DS3",
        "username": "strato",
        "password": "[parameters('password')]",

        "storageAccount": "[parameters('storageAccount')]",
        "storageAccountPath": "[concat('Microsoft.Storage/storageAccounts/', variables('storageAccount'))]",
        "vhdURI": "[concat('https:\/\/', variables('storageAccount'), '.blob.core.windows.net\/vhds\/', parameters('instanceName'), '.vhd')]",
        "storageAccountType": "Premium_LRS",

        "networkInterfaceName": "[concat(variables('name'), 'nic')]",
        "networkInterfacePath": "[concat('Microsoft.Network/networkInterfaces/', variables('networkInterfaceName'))]",
        "networkInterfaceId": "[resourceId('Microsoft.Network/networkInterfaces',variables('networkInterfaceName'))]",

        "networkSecurityGroupName": "[concat(variables('name'), 'nsg')]",
        "networkSecurityGroupPath": "[concat('Microsoft.Network/networkSecurityGroups/', variables('networkSecurityGroupName'))]",
        "networkSecurityGroupId": "[resourceId('Microsoft.Network/networkSecurityGroups', variables('networkSecurityGroupName'))]",

        "ipConfigurationName": "[concat(variables('name'), 'ipconfig')]",
        "publicIPAddressName": "[concat(variables('name'), 'publicip')]",
        "publicIPAddressPath": "[concat('Microsoft.Network/publicIPAddresses/', variables('publicIPAddressName'))]",
        "publicIPAddressId" : "[resourceId('Microsoft.Network/publicIPAddresses',variables('publicIPAddressName'))]",
        "publicIPAddressType": "Dynamic",
        "dnsNameForPublicIP": "[variables('name')]",

        "virtualNetworkName": "stratodeploynet",
        "virtualNetworkPath": "[concat('Microsoft.Network/virtualNetworks/', variables('virtualNetworkName'))]",
        "vnetId": "[resourceId('Microsoft.Network/virtualNetworks', variables('virtualNetworkName'))]",
        "virtualNetworkAddressPrefix": "11.24.0.0/16",

        "subnetName": "stratoinstances",
        "subnetId": "[concat(variables('vnetID'),'/subnets/',variables('subnetName'))]",
        "virtualSubnetAddressPrefix": "11.24.82.0/24",

        "imagePublisher": "Canonical",
        "imageOffer": "UbuntuServer",
        "ubuntuOSVersion": "14.04.3-LTS"
    },
    "resources": [
        {
            "type": "Microsoft.Storage/storageAccounts",
            "name": "[variables('storageAccount')]",
            "apiVersion": "[variables('apiVersion')]",
            "location": "[variables('location')]",
            "properties": {
                "accountType": "[variables('storageAccountType')]"
            }
        },
        {
            "apiVersion": "[variables('apiVersion')]",
            "type": "Microsoft.Network/publicIPAddresses",
            "name": "[variables('publicIPAddressName')]",
            "location": "[variables('location')]",
            "properties": {
                "publicIPAllocationMethod": "[variables('publicIPAddressType')]",
                "dnsSettings": {
                    "domainNameLabel": "[variables('dnsNameForPublicIP')]"
                }
            }
        },
        {
            "apiVersion": "[variables('apiVersion')]",
            "type": "Microsoft.Network/virtualNetworks",
            "name": "[variables('virtualNetworkName')]",
            "location": "[variables('location')]",
            "properties": {
                "addressSpace": {
                    "addressPrefixes": [
                        "[variables('virtualNetworkAddressPrefix')]"
                    ]
                },
                "subnets": [
                    {
                        "name": "[variables('subnetName')]",
                        "properties": {
                            "addressPrefix": "[variables('virtualSubnetAddressPrefix')]"
                        }
                    }
                ]
            }
        },
        {
            "apiVersion": "[variables('apiVersion')]",
            "type": "Microsoft.Network/networkSecurityGroups",
            "name": "[variables('networkSecurityGroupName')]",
            "location": "[variables('location')]",
            "properties": {
                "securityRules": [
                    {
                        "name": "AllowSSHIn",
                        "properties": {
                            "description": "Allow inbound SSH connections",
                            "protocol": "Tcp",
                            "sourcePortRange": "0-65535",
                            "destinationPortRange": "22",
                            "sourceAddressPrefix": "*",
                            "destinationAddressPrefix": "*",
                            "access": "Allow",
                            "direction": "Inbound",
                            "priority": 100
                        }
                    },
                    {
                        "name": "AllowHHTPIn",
                        "properties": {
                            "description": "Allow inbound HTTP connections",
                            "protocol": "Tcp",
                            "sourcePortRange": "0-65535",
                            "destinationPortRange": "80",
                            "sourceAddressPrefix": "*",
                            "destinationAddressPrefix": "*",
                            "access": "Allow",
                            "direction": "Inbound",
                            "priority": 101
                        }
                    }
                ]
            }
        },
        {
            "apiVersion": "[variables('apiVersion')]",
            "type": "Microsoft.Network/networkInterfaces",
            "name": "[variables('networkInterfaceName')]",
            "location": "[variables('location')]",
            "dependsOn": [
                "[variables('publicIPAddressPath')]",
                "[variables('virtualNetworkPath')]",
                "[variables('networkSecurityGroupPath')]"
            ],
            "properties": {
                "networkSecurityGroup" : {
                    "id" : "[variables('networkSecurityGroupId')]"
                },
                "ipConfigurations": [
                    {
                        "name": "[variables('ipConfigurationName')]",
                        "properties": {
                            "privateIPAllocationMethod": "Dynamic",
                            "publicIPAddress": {
                                "id": "[variables('publicIPAddressId')]"
                            },
                            "subnet": {
                                "id": "[variables('subnetId')]"
                            }
                        }
                    }
                ]
            }
        },
        {
            "location": "[variables('location')]",
            "type": "Microsoft.Compute/virtualMachines",
            "name": "[variables('name')]",
            "dependsOn": [
                "[variables('storageAccountPath')]",
                "[variables('networkInterfacePath')]"
            ],
            "properties": {
                "diagnosticsProfile": {
                    "bootDiagnostics": {
                        "enabled": false
                    }
                },
                "networkProfile": {
                    "networkInterfaces": [
                        {
                            "id": "[variables('networkInterfaceId')]"
                        }
                    ]
                },
                "osProfile": {
                    "computerName": "[variables('name')]",
                    "adminUsername": "[variables('username')]",
                    "adminPassword": "[variables('password')]",
                    "linuxConfiguration": {
                        "disablePasswordAuthentication": "false"
                    }
                },
                "storageProfile": {
                    "imageReference": {
                        "publisher": "[variables('imagePublisher')]",
                        "offer": "[variables('imageOffer')]",
                        "sku": "[variables('ubuntuOSVersion')]",
                        "version": "latest"
                    },
                    "osDisk": {
                        "caching": "ReadWrite",
                        "vhd": {
                            "uri": "[variables('vhdURI')]"
                        },
                        "createOption": "FromImage",
                        "name" : "[concat(variables('name'), 'osDisk')]"
                    }
                },
                "hardwareProfile": {
                    "vmSize": "[variables('vmSize')]"
                }
            },
            "apiVersion": "[variables('apiVersion')]"
        },
        {
            "type": "Microsoft.Compute/virtualMachines/extensions",
            "name": "[concat(variables('name'), '/DockerExtension')]",
            "apiVersion": "[variables('apiVersion')]",
            "location": "[variables('location')]",
            "dependsOn": [
                "[concat('Microsoft.Compute/virtualMachines/', variables('name'))]"
            ],
            "properties": {
                "publisher": "Microsoft.Azure.Extensions",
                "type": "DockerExtension",
                "typeHandlerVersion": "1.0",
                "autoUpgradeMinorVersion": true,
                "settings": {
                    "compose" : {
                        "strato-vol" : {
                            "container_name" : "strato-vol",
                            "entrypoint" : "/bin/true",
                            "image" : "[variables('dockerImage')]"
                        },
                        "strato" : {
                            "container_name" : "strato",
                            "stdin_open" : true,
                            "tty" : true,
                            "restart" : "always",
                            "volumes_from" : ["strato-vol"],
                            "ports": "[variables('dockerPorts')]",
                            "hostname": "[variables('name')]",
                            "image" : "[variables('dockerImage')]"
                        }
                    }
                },
                "protectedSettings": {
                    "login" : {
                        "username" : "[variables('dockerUser')]",
                        "password" : "[variables('dockerPassword')]",
                        "email" : "[variables('dockerEmail')]"
                    }
                }
            }
        }
    ]
}
