{
  "$schema": "http://schema.management.azure.com/schemas/2015-01-01/deploymentParameters.json#",
  "contentVersion": "1.0.0.0",
  "parameters": {
    "newStorageAccountName": {
      "value": "GEN-UNIQUE"
    },
    "location": {
      "value": "West US"
    },
    "vmName": {
      "value": "myVM"
    },
    "vmSize": {
      "value": "Standard_D1"
    },
    "adminUserName": {
      "value": "admin123"
    },
    "adminPassword": {
      "value": "GEN-PASSWORD"
    },
    "customScriptFilePath": {
      "value": "https://raw.githubusercontent.com/Azure/azure-quickstart-templates/master/201-discover-private-ip-dynamically/privateip.sh"
    },
    "customScriptCommandToExecute": {
      "value": "sh privateip.sh "
    }
  }
}
