{
  "$schema": "http://schema.management.azure.com/schemas/2015-01-01/deploymentParameters.json#",
  "contentVersion": "1.0.0.0",
  "parameters": {
    "resourceLocation": {
      "value": "West US"
    },
    "vmSku": {
      "value": "Standard_A1"
    },
    "windowsOSVersion": {
      "value": "2012-R2-Datacenter"
    },
    "vmssName": {
      "value": "GEN-UNIQUE-8"
    },
    "instanceCount": {
      "value": 5
    },
    "adminUsername": {
      "value": "windows"
    },
    "adminPassword": {
      "value": "GEN-PASSWORD"
    }
  }
}
