{
  "$schema": "http://schema.management.azure.com/schemas/2015-01-01/deploymentParameters.json#",
  "contentVersion": "1.0.0.0",
  "parameters": {
    "newStorageAccountName": {
      "value": "#####"
    },
    "adminUsername": {
      "value": "ChangeAdminName"
    },
    "adminPassword": {
      "value": "ChangeThisPassworditG7/d*eO0H+ktFO"
    },
    "location": {
      "value": "west us"
    },
    "sizeOfEachDataDiskInGB": {
      "value": "10"
    },
    "dnsName": {
      "value": "#####"
    },
    "vmName": {
      "value": "highPerfVm"
    },
    "modulesUrl": {
      "value": "https://github.com/Azure/azure-quickstart-templates/blob/master/vm-d14-high-iops-32-data-disks/StoragePool.ps1.zip?raw=true"
    }
  }
}
