{
  "$schema": "http://schema.management.azure.com/schemas/2015-01-01/deploymentParameters.json#",
  "contentVersion": "1.0.0.0",
  "parameters": {
    "vmName": {
      "value": "myVM"
    },
    "adminUsername": {
      "value": "username"
    },
    "adminPassword": {
      "value": "password!"
    },
    "osDiskUrlParam": {
      "value": "osDisk.vhd"
    },
    "dataDiskUrlParam": {
      "value": "dataDisk.vhd"
    },    
    "dnsNameForPublicIP": {
      "value": "uniqueDNS"
    },
    "osType": {
      "value": "linux"
    },
    "location": {
      "value": "West US"
    },
    "vmSize": {
      "value": "Standard_A3"
    }
  }
}