{
  "$schema": "http://schema.management.azure.com/schemas/2015-01-01/deploymentParameters.json#",
  "contentVersion": "1.0.0.0",
  "parameters": {
    "parameters": {
      "resourceGroup": {
        "value": [
          "CloudDep",
          "CloudDep"
        ]
      },
      "builtInRoleType": {
        "value": [
          "Contributor",
          "Contributor"
        ]
      },
      "subscriptionId": {
        "value": "2498e3dd-307d-4f0d-bc19-bdc139ce0c30"
      },
      "virtualMachineName": {
        "value": [
          "manavivm",
          "msvm"
        ]
      },
      "principalId": {
        "value": [
          "5cbf4bd6-b342-49d7-9515-b905462b6df8",
          "a3edd088-f344-44ec-a798-ff3e00ad5819"
        ]
      },
      "guid": {
        "value": [
          "099A9D93-B94F-44A0-9794-B949BCD76968",
          "71121498-465D-465A-AA4A-861DC8116095"
        ]
      }
    }
  }
}
