{
  "$schema": "https://schema.management.azure.com/schemas/2015-01-01/deploymentTemplate.json#",
  "contentVersion": "1.0.0.0",
  "parameters": {
    "subscriptionId": {
      "type": "string",
      "defaultValue": "2498e3dd-307d-4f0d-bc19-bdc139ce0c30",
      "metadata": {
        "description": "Subscription ID GUID"
      }
    },
    "principalId": {
      "type": "array",
      "defaultValue": [
        "5cbf4bd6-b342-49d7-9515-b905462b6df8",
        "a3edd088-f344-44ec-a798-ff3e00ad5819"
      ],
      "metadata": {
        "description": "Input array for principal IDs associated with users."
      }
    },
    "resourceGroup": {
      "type": "array",
      "defaultValue": [
        "CloudDep",
        "CloudDep"
      ],
      "metadata": {
        "description": "Input array for resource group names."
      }
    },
    "virtualMachineName": {
      "type": "array",
      "defaultValue": [
        "msvm",
        "manavivm"
      ],
      "metadata": {
        "description": "Input array for virtual machine names"
      }
    },
    "builtInRoleType": {
      "type": "array",
      "defaultValue": [
        "Contributor",
        "Contributor"
      ],
      "metadata": {
        "description": "Input array for built in types"
      }
    },
    "guid": {
      "type": "array",
      "defaultValue": [
        "099A9D93-B94F-44A0-9794-B949BCD76968",
        "71121498-465D-465A-AA4A-861DC8116095"
      ],
      "metadata": {
        "description": "Input array for new GUIDs associated with assigning built in role types"
      }
    },
    "count": {
      "type": "int",
      "defaultValue": 2,
      "metadata": {
        "description": "Size of array"
      }
    }
  },
  "variables": {
    "Owner": "[concat('/subscriptions/',parameters('subscriptionId'), '/providers/Microsoft.Authorization/roleDefinitions/', '8e3af657-a8ff-443c-a75c-2fe8c4bcb635')]",
    "Contributor": "[concat('/subscriptions/',parameters('subscriptionId'), '/providers/Microsoft.Authorization/roleDefinitions/', 'b24988ac-6180-42a0-ab88-20f7382dd24c')]",
    "Reader": "[concat('/subscriptions/',parameters('subscriptionId'), '/providers/Microsoft.Authorization/roleDefinitions/', 'acdd72a7-3385-48ef-bd42-f606fba81ae7')]",
    "Virtual Machine Contributor": "[concat('/subscriptions/',parameters('subscriptionId'), '/providers/Microsoft.Authorization/roleDefinitions/', 'd73bb868-a0df-4d4d-bd69-98a00b01fccb')]"
  },
  "resources": [
    {
      "apiVersion": "2014-10-01-preview",
      "name": "[concat(parameters('virtualMachineName')[copyIndex()], '/Microsoft.Authorization/', parameters('guid')[copyIndex()])]",
      "type": "Microsoft.Compute/virtualMachines/providers/roleAssignments",
      "copy": {
        "name": "anyname",
        "count": "[parameters('count')]"
      },
      "properties": {
        "roleDefinitionId": "[variables(parameters('builtInRoleType')[copyIndex()])]",
        "principalId": "[parameters('principalId')[copyIndex()]]"
      }
    }
  ]
}
