{
  "$schema": "http://schema.management.azure.com/schemas/2015-01-01/deploymentParameters.json#",
  "contentVersion": "1.0.0.0",
  "parameters": {
    "newStorageAccountName": {
      "value": "changeme"
    },
    "location": {
      "value": "West US"
    },
    "vmName": {
      "value": "changeme"
    },
    "vmSize": {
      "value": "Standard_A2"
    },
    "adminUserName": {
      "value": "changeme"
    },
    "adminPassword": {
      "value": "changeme"
    },
    "customScriptStorageAccountName": {
      "value": "changeme"
    },
    "customScriptFileUri": {
      "value": "https://changeme.blob.core.windows.net/changeme/changeme.ps1"
    },
    "customScriptFileToRun": {
      "value": "changeme.ps1"
    },
    "customScriptStorageAccountResourceGroup": {
      "value": "changeme"
    }
  }
}
