{
  "$schema": "http://schema.management.azure.com/schemas/2015-01-01/deploymentTemplate.json",
  "contentVersion": "1.0.0.0",
  "parameters": {
    "location": {
      "type": "string",
      "allowedValues": [
        "West US",
        "East US",
        "West Europe",
        "East Asia",
        "Southeast Asia"
      ],
      "metadata": {
        "description": "Location of resources"
      }
    },
    "newStorageAccountName": {
      "type": "string",
      "metadata": {
        "description": "Name of new storage account to be created"
      }
    },
    "vmName": {
      "type": "string",
      "metadata": {
        "description": "Name of the VM to be created"
      }
    },
    "vmSize": {
      "type": "string",
      "defaultValue": "Standard_A2",
      "metadata": {
        "description": "Size of the VM to be created"
      }
    },
    "adminUsername": {
      "type": "string",
      "metadata": {
        "description": "Admin username"
      }
    },
    "adminPassword": {
      "type": "securestring",
      "metadata": {
        "description": "Admin password"
      }
    },
    "customScriptStorageAccountName": {
      "type": "string",
      "metadata": {
        "description": "Name of Azure Storage Account where the custom script is located"
      }
    },
    "customScriptFileUri": {
      "type": "string",
      "metadata": {
        "description": "Azure Storage Uri of the custom script file e.g. https://test.blob.core.windows.net/scripts/test.ps1"
      }
    },
    "customScriptFileToRun": {
      "type": "string",
      "metadata": {
        "description": "Name of the script to be run on the VM"
      }
    },
    "customScriptStorageAccountResourceGroup": {
      "type": "string",
      "metadata": {
        "description": "Name of the Resource Group of the storage account containing the storage account which contains the script"
      }
    }
  },
  "variables": {
    "storageAccountType": "Standard_LRS",
    "publicIPAddressName": "keysPubIP",
    "publicIPAddressType": "Dynamic",
    "virtualNetworkName": "keysVNET",
    "vnetID": "[resourceId('Microsoft.Network/virtualNetworks', variables('virtualNetworkName'))]",
    "vnetAddressPrefix": "10.0.0.0/16",
    "subnet1Name": "Subnet-1",
    "subnet1Prefix": "10.0.0.0/24",
    "subnet1Ref": "[concat(variables('vnetID'),'/subnets/', variables('subnet1Name'))]",
    "nicName": "keysNIC",
    "imagePublisher": "MicrosoftWindowsServer",
    "imageOffer": "WindowsServer",
    "imageSKU": "2012-R2-Datacenter",
    "vmExtensionName": "keysExtension",
    "accountid": "[concat('/subscriptions/',subscription().subscriptionId,'/resourceGroups/',parameters('customScriptStorageAccountResourceGroup'),'/providers/','Microsoft.Storage/storageAccounts/', parameters('customScriptStorageAccountName'))]",
    "commandToExecute": "[concat('powershell.exe -File', ' ', parameters('customScriptFileToRun'), ' ', 'testfile.txt', ' ', 'testfolder')]"
  },
  "resources": [
    {
      "type": "Microsoft.Storage/storageAccounts",
      "name": "[parameters('newStorageAccountName')]",
      "apiVersion": "2015-05-01-preview",
      "location": "[parameters('location')]",
      "properties": {
        "accountType": "[variables('storageAccountType')]"
      }
    },
    {
      "apiVersion": "2015-05-01-preview",
      "type": "Microsoft.Network/publicIPAddresses",
      "name": "[variables('publicIPAddressName')]",
      "location": "[parameters('location')]",
      "properties": {
        "publicIPAllocationMethod": "[variables('publicIPAddressType')]"
      }
    },
    {
      "apiVersion": "2015-05-01-preview",
      "type": "Microsoft.Network/virtualNetworks",
      "name": "[variables('virtualNetworkName')]",
      "location": "[parameters('location')]",
      "properties": {
        "addressSpace": {
          "addressPrefixes": [
            "[variables('vnetAddressPrefix')]"
          ]
        },
        "subnets": [
          {
            "name": "[variables('subnet1Name')]",
            "properties": {
              "addressPrefix": "[variables('subnet1Prefix')]"
            }
          }
        ]
      }
    },
    {
      "apiVersion": "2015-05-01-preview",
      "type": "Microsoft.Network/networkInterfaces",
      "name": "[variables('nicName')]",
      "location": "[parameters('location')]",
      "dependsOn": [
        "[concat('Microsoft.Network/publicIPAddresses/', variables('publicIPAddressName'))]",
        "[concat('Microsoft.Network/virtualNetworks/', variables('virtualNetworkName'))]"
      ],
      "properties": {
        "ipConfigurations": [
          {
            "name": "ipconfig1",
            "properties": {
              "privateIPAllocationMethod": "Dynamic",
              "publicIPAddress": {
                "id": "[resourceId('Microsoft.Network/publicIPAddresses', variables('publicIPAddressName'))]"
              },
              "subnet": {
                "id": "[variables('subnet1Ref')]"
              }
            }
          }
        ]
      }
    },
    {
      "apiVersion": "2015-06-15",
      "type": "Microsoft.Compute/virtualMachines",
      "name": "[parameters('vmName')]",
      "location": "[parameters('location')]",
      "dependsOn": [
        "[concat('Microsoft.Storage/storageAccounts/', parameters('newStorageAccountName'))]",
        "[concat('Microsoft.Network/networkInterfaces/', variables('nicName'))]"
      ],
      "properties": {
        "hardwareProfile": {
          "vmSize": "[parameters('vmSize')]"
        },
        "osProfile": {
          "computerName": "[parameters('vmName')]",
          "adminUsername": "[parameters('adminUsername')]",
          "adminPassword": "[parameters('adminPassword')]"
        },
        "storageProfile": {
          "imageReference": {
            "publisher": "[variables('imagePublisher')]",
            "offer": "[variables('imageOffer')]",
            "sku": "[variables('imageSKU')]",
            "version": "latest"
          },
          "osDisk": {
            "name": "osdisk",
            "vhd": {
              "uri": "[concat('http://',parameters('newStorageAccountName'),'.blob.core.windows.net/vhds/','osdisk.vhd')]"
            },
            "caching": "ReadWrite",
            "createOption": "FromImage"
          }
        },
        "networkProfile": {
          "networkInterfaces": [
            {
              "id": "[resourceId('Microsoft.Network/networkInterfaces', variables('nicName'))]"
            }
          ]
        },
        "diagnosticsProfile": {
          "bootDiagnostics": {
             "enabled": "true",
             "storageUri": "[concat('http://',parameters('newStorageAccountName'),'.blob.core.windows.net')]"
          }
        }
      }
    },
    {
      "type": "Microsoft.Compute/virtualMachines/extensions",
      "name": "[concat(parameters('vmName'),'/', variables('vmExtensionName'))]",
      "apiVersion": "2015-05-01-preview",
      "location": "[parameters('location')]",
      "dependsOn": [
        "[concat('Microsoft.Compute/virtualMachines/', parameters('vmName'))]"
      ],
      "properties": {
        "publisher": "Microsoft.Compute",
        "type": "CustomScriptExtension",
        "typeHandlerVersion": "1.3",
        "autoUpgradeMinorVersion": "true",
        "settings": {
          "fileUris": [
            "[parameters('customScriptFileUri')]"
          ],
          "commandToExecute": "[variables('commandToExecute')]"
        },
        "protectedSettings": {
          "storageAccountName": "[parameters('customScriptStorageAccountName')]",
          "storageAccountKey": "[listKeys(variables('accountid'),'2015-05-01-preview').key1]"
        }
      }
    }
  ]
}
