{
  "itemDisplayName": "List Azure Storage Account keys-Windows Custom Script extension",
  "description": "This template creates a Windows Server 2012 R2 VM and runs a PowerShell script using the custom script extension. It also uses the listKeys function to get the Azure Storage Account keys. The PowerShell script for this sample must be hosted in an Azure Storage account. (Note: For other samples custom script can also be hosted in Github)",
  "summary": "This template creates a Windows VM and runs a PowerShell script using the custom script extension. It also discovers the Storage Account keys",
  "githubUsername": "singhkay",
  "dateUpdated": "2015-05-13"
}
