{
    "$schema": "http://schema.management.azure.com/schemas/2015-01-01/deploymentParameters.json#",
    "contentVersion": "1.0.0.0",
    "parameters": {
        "endpointName": {
            "value": "myendpoint"
        },
        "twilioAccountSID": {
            "value": "ACdc5f132a3c49700934481addd5ce1659"
        },
        "twilioAuthToken": {
            "value": "123ABC456789QWE1234567890"
        },
        "twilioAccountPhoneNumber": {
            "value": "555-555-0123"
        },
        "toPhoneNumber": {
            "value": "555-555-5555"
        }
    }
}