{
  "itemDisplayName": "Alert to text message with Logic app",
  "description": "This template allows you to create a Logic app that has a webhook to be used from an Azure Alert. When the Alert is triggered, it will send you a text message with the details of the alert. It uses the go.gl URL shortening service to include a link to the portal to see the resource.",
  "summary": "Logic app that sends a text message when an alert fires",
  "githubUsername": "stepsic_microsoft_com",
  "dateUpdated": "2015-09-12"
}
