{
  "$schema": "http://schema.management.azure.com/schemas/2015-01-01/deploymentParameters.json#",
  "contentVersion": "1.0.0.0",
  "parameters": {
    "accountName": {
      "value": "MyAutomationAccount"
    },
    "jobId": {
      "value": "e6abf1fd-6311-4442-ac1a-22aae3cacdae"
    },
    "regionId": {
      "value": "East US 2"
    },
    "credentialName": {
      "value": "DefaultAzureCredential"
    },
    "userName": {
      "value": "MyAzureADUser"
    },
    "password": {
      "value": "MyAzureADPassword"
    }
  }
}