﻿{
  "$schema": "http://schema.management.azure.com/schemas/2015-01-01/deploymentParameters.json#",
  "contentVersion": "1.0.0.0",
  "parameters": {
    "publicDnsName": {
      "value": "#####"
    },
    "adminUsername": {
      "value": "pietro"
    },
    "adminPassword": {
      "value": "IlikePizz@."
    },
     "sizeOfDiskInGB": {
      "value": "128"
    },
    "vmSizeFE": {
      "value": "Standard_DS1"
    },
    "vmSizeSQL": {
      "value": "Standard_DS1"
    },
    "storageType": {
      "value": "Premium_LRS"
    }
  }
}