{
  "itemDisplayName": "Create 2 VMs Linux LB on 80.Two SSH and SQL Server VM with SSD.",
  "description": "This template creates 2 Linux VMs (that can be used as web FE) with in an Availability Set and a Load Balancer with port 80 open. The two VMs can be reached using SSH on port 6001 and 6002. This template also create a SQL Server 2014 VM that can be reached via RDP connection defined in a Network Security Group.All VMs storage can use Premium Storage (SSD) and you can choose to creare VMs with all DS sizes",
  "summary": "This template creates 2 VMs Linux as Front End and SQL Server VM as backend.",
  "githubUsername": "pietrobr",
  "dateUpdated": "2015-10-16"
}
