{
  "$schema": "http://schema.management.azure.com/schemas/2015-01-01/deploymentParameters.json#",
  "contentVersion": "1.0.0.0",
  "parameters": {
    "newStorageAccountName": {
      "value": ""
    },
    "location": {
      "value": "East US"
    },
    "vmName": {
      "value": ""
    },
    "vmSize": {
      "value": "Standard_A2"
    },
    "adminUserName": {
      "value": ""
    },
    "adminPassword": {
      "value": ""
    },
    "vaultName": {
      "value": ""
    },
    "vaultResourceGroup": {
      "value": ""
    },
    "secretUrlWithVersion": {
      "value": ""
    }
  }
}
