{
  "$schema": "https://schema.management.azure.com/schemas/2015-01-01/deploymentTemplate.json#",
  "contentVersion": "1.0.0.0",
  "parameters": {
    "location": {
      "type": "string",
      "allowedValues": [
        "West US",
        "East US",
        "West Europe",
        "East Asia",
        "Southeast Asia"
      ],
      "metadata": {
        "description": "Location where resources will be deployed"
      }
    },
    "newStorageAccountName": {
      "type": "string",
      "metadata": {
        "description": "Name of the storage account"
      }
    },
    "storageAccountType": {
      "type": "string",
      "defaultValue": "Standard_LRS",
      "metadata": {
        "description": "Type of the storage account"
      }
    },
    "vmName": {
      "type": "string",
      "metadata": {
        "description": "Name of the VM"
      }
    },
    "vmSize": {
      "type": "string",
      "defaultValue": "Standard_D2",
      "metadata": {
        "description": "Size of the VM"
      }
    },
    "adminUsername": {
      "type": "string",
      "metadata": {
        "description": "Admin Username"
      }
    },
    "adminPassword": {
      "type": "securestring",
      "metadata": {
        "description": "Admin Password"
      }
    },
    "vaultName": {
      "type": "string",
      "metadata": {
        "description": "Name of Key Vault that has a secret"
      }
    },
    "vaultResourceGroup": {
      "type": "string",
      "metadata": {
        "description": "Resource Group of Key Vault that has a secret"
      }
    },
    "secretUrlWithVersion": {
      "type": "string",
      "metadata": {
        "description": "Url of the certificate in Key Vault"
      }
    }
  },
  "variables": {
    "vnetID": "[resourceId('Microsoft.Network/virtualNetworks',variables('virtualNetworkName'))]",
    "subnet1Ref": "[concat(variables('vnetID'),'/subnets/', variables('subnet1Name'))]",
    "nicName": "certNIC",
    "subnet1Prefix": "10.0.0.0/24",
    "subnet1Name": "Subnet-1",
    "virtualNetworkName": "certVNET",
    "addressPrefix": "10.0.0.0/16",
    "imagePublisher": "MicrosoftWindowsServer",
    "imageOffer": "WindowsServer",
    "imageSKU": "2012-R2-Datacenter",
    "publicIPName": "certPublicIP",
    "publicIPAddressType": "Dynamic"
  },
  "resources": [
    {
      "type": "Microsoft.Storage/storageAccounts",
      "name": "[parameters('newStorageAccountName')]",
      "apiVersion": "2015-05-01-preview",
      "location": "[parameters('location')]",
      "properties": {
        "accountType": "[parameters('storageAccountType')]"
      }
    },
    {
      "apiVersion": "2015-05-01-preview",
      "type": "Microsoft.Network/publicIPAddresses",
      "name": "[variables('publicIPName')]",
      "location": "[parameters('location')]",
      "properties": {
        "publicIPAllocationMethod": "[variables('publicIPAddressType')]"
      }
    },
    {
      "apiVersion": "2015-05-01-preview",
      "type": "Microsoft.Network/virtualNetworks",
      "name": "[variables('virtualNetworkName')]",
      "location": "[parameters('location')]",
      "properties": {
        "addressSpace": {
          "addressPrefixes": [
            "[variables('addressPrefix')]"
          ]
        },
        "subnets": [
          {
            "name": "[variables('subnet1Name')]",
            "properties": {
              "addressPrefix": "[variables('subnet1Prefix')]"
            }
          }
        ]
      }
    },
    {
      "apiVersion": "2015-05-01-preview",
      "type": "Microsoft.Network/networkInterfaces",
      "name": "[variables('nicName')]",
      "location": "[parameters('location')]",
      "dependsOn": [
        "[concat('Microsoft.Network/publicIPAddresses/', variables('publicIPName'))]",
        "[concat('Microsoft.Network/virtualNetworks/', variables('virtualNetworkName'))]"
      ],
      "properties": {
        "ipConfigurations": [
          {
            "name": "ipconfig1",
            "properties": {
              "privateIPAllocationMethod": "Dynamic",
              "publicIPAddress": {
                "id": "[resourceId('Microsoft.Network/publicIPAddresses', variables('publicIPName'))]"
              },
              "subnet": {
                "id": "[variables('subnet1Ref')]"
              }
            }
          }
        ]
      }
    },
    {
      "apiVersion": "2015-05-01-preview",
      "type": "Microsoft.Compute/virtualMachines",
      "name": "[parameters('vmName')]",
      "location": "[parameters('location')]",
      "dependsOn": [
        "[concat('Microsoft.Storage/storageAccounts/', parameters('newStorageAccountName'))]",
        "[concat('Microsoft.Network/networkInterfaces/', variables('nicName'))]"
      ],
      "properties": {
        "hardwareProfile": {
          "vmSize": "[parameters('vmSize')]"
        },
        "osProfile": {
          "computername": "[parameters('vmName')]",
          "adminUsername": "[parameters('adminUsername')]",
          "adminPassword": "[parameters('adminPassword')]",
          "secrets": [
            {
              "sourceVault": {
                "id": "[resourceId(parameters('vaultResourceGroup'), 'Microsoft.KeyVault/vaults', parameters('vaultName'))]"
              },
              "vaultCertificates": [
                {
                  "certificateUrl": "[parameters('secretUrlWithVersion')]",
                  "certificateStore": "My"
                }
              ]
            }
          ]
        },
        "storageProfile": {
          "imageReference": {
            "publisher": "[variables('imagePublisher')]",
            "offer": "[variables('imageOffer')]",
            "sku": "[variables('imageSKU')]",
            "version": "latest"
          },
          "osDisk": {
            "name": "osdisk",
            "vhd": {
              "uri": "[concat('http://',parameters('newStorageAccountName'),'.blob.core.windows.net/vhds/','osdisk.vhd')]"
            },
            "caching": "ReadWrite",
            "createOption": "FromImage"
          }
        },
        "networkProfile": {
          "networkInterfaces": [
            {
              "id": "[resourceId('Microsoft.Network/networkInterfaces', variables('nicName'))]"
            }
          ]
        }
      }
    }
  ]
}
